Unnamed: 0,sub_label,template,obj_label,masked_sentence,filled_sentence,paraphrase
0,Rubens Barrichello,[X] is [Y] citizen .,Brazil,"It was the final race of the 2004 season, and local fans were delighted when [MASK]'s Rubens Barrichello took pole for his home race.","It was the final race of the 2004 season, and local fans were delighted when Brazil's Rubens Barrichello took pole for his home race.","[(""it was the final race of the 2004 season and local fans were delighted when brazil's rubens barrichello was crowned a polesitter for his home"", 36), (""it was the last race of the season 2004 and local fans were delighted when brazil's rubens barrichello took pole for his home race"", 28), (""it was the final race of the season in 2004 and local fans were delighted when brazil's rubens barrichello took pole for his home race"", 26), (""it was the final race of the season 2004 and local fans were delighted when brazil's rubens barrichello took pole for his home race"", 23), (""it was the last race of the 2004 season and local fans were delighted when brazil's rubens barrichello took pole for his home race"", 18), (""it was the final race of the 2004 season and local fans were delighted when brazil's rubens barrichello took the pole for his home race"", 17), ('it was the final race of the 2004 season and local fans were delighted when brazilian rubens barrichello took pole for his home race', 16), (""it was the final race of the 2004 season and local fans were delighted when brazil's rubens barrichello took pole for his home race"", 13)]"
1,Yves Mirande,[X] is [Y] citizen .,France,"Yves Mirande (Bagneux (Maine-et-Loire), Mai 8, 1876 – Paris, March 17, 1957) was a [MASK] screenwriter, director, actor, and producer.","Yves Mirande (Bagneux (Maine-et-Loire), Mai 8, 1876 – Paris, March 17, 1957) was a France screenwriter, director, actor, and producer.","[('Yves Mirande (Bagneux (Maine-et-Loire), Mai 8, 1876 – Paris, March 17, 1957) was a France screenwriter, director, actor, and producer.', 0)]"
3,August Gailit,[X] is [Y] citizen .,Estonia,Sangaste is also the birthplace of the [MASK] writer August Gailit (1891-1960) and Estonian opera singer Aarne Viisimaa (1898-1989).,Sangaste is also the birthplace of the Estonia writer August Gailit (1891-1960) and Estonian opera singer Aarne Viisimaa (1898-1989).,
5,Princess Elisabeth of Denmark,[X] is [Y] citizen .,Denmark,"Princess Elisabeth of [MASK], RE (Elisabeth Caroline-Mathilde Alexandrine Helena Olga Thyra Feodora Estrid Margrethe Désirée; born 8 May 1935 in Copenhagen) is the daughter of Hereditary Prince Knud and Hereditary Princess Caroline-Mathilde of Denmark, and is a first cousin of the present Danish monarch, Queen Margrethe II.","Princess Elisabeth of Denmark, RE (Elisabeth Caroline-Mathilde Alexandrine Helena Olga Thyra Feodora Estrid Margrethe Désirée; born 8 May 1935 in Copenhagen) is the daughter of Hereditary Prince Knud and Hereditary Princess Caroline-Mathilde of Denmark, and is a first cousin of the present Danish monarch, Queen Margrethe II.",
9,Tue West,[X] is [Y] citizen .,Denmark,Tue West (born 1977) is a [MASK] composer.,Tue West (born 1977) is a Denmark composer.,"[('Tue West (born 1977) is a Denmark composer.', 0)]"
11,Bertil Lindblad,[X] is [Y] citizen .,Sweden,"Bertil Lindblad (Örebro, 26 November 1895 – Saltsjöbaden, outside Stockholm, 25 June 1965) was a [MASK] astronomer.","Bertil Lindblad (Örebro, 26 November 1895 – Saltsjöbaden, outside Stockholm, 25 June 1965) was a Sweden astronomer.","[('Bertil Lindblad (Örebro, 26 November 1895 – Saltsjöbaden, outside Stockholm, 25 June 1965) was a Sweden astronomer.', 0)]"
13,Prafulla Chandra Ghosh,[X] is [Y] citizen .,India,"Prafulla Chandra Ghosh (Bengali: প্রফুল্ল চন্দ্র ঘোষ Prophullo Chôndro Ghosh) (1891–1983) was the first Chief Minister of West Bengal, [MASK].","Prafulla Chandra Ghosh (Bengali: প্রফুল্ল চন্দ্র ঘোষ Prophullo Chôndro Ghosh) (1891–1983) was the first Chief Minister of West Bengal, India.","[('Prafulla Chandra Ghosh (Bengali: প্রফুল্ল চন্দ্র ঘোষ Prophullo Chôndro Ghosh) (1891–1983) was the first Chief Minister of West Bengal, India.', 0)]"
15,Noriyasu Hirata,[X] is [Y] citizen .,Japan,"Noriyasu Hirata (平田 典靖 Hirata Noriyasu, born November 17, 1983) is a badminton player from [MASK].","Noriyasu Hirata (平田 典靖 Hirata Noriyasu, born November 17, 1983) is a badminton player from Japan.","[('noriyasu hirata hirata noriyasu born 17 november 1983 is a japanese badminton player', 41), ('hirata hirata noriyasu born 17 november 1983 is a badminton player from japan', 30), ('hirata hirata hirata noriyasu born 17 november 1983 is a badminton player from japan', 26), ('noriyasu hirata hirata noriyasu born 17 november 1983 is a badminton player from japan', 21)]"
17,Woodrow Lloyd,[X] is [Y] citizen .,Canada,"After Douglas left to lead the federal NDP in 1961, Woodrow Lloyd became premier and the first universal medical care plan in [MASK] was introduced.","After Douglas left to lead the federal NDP in 1961, Woodrow Lloyd became premier and the first universal medical care plan in Canada was introduced.","[('woodrow lloyd became premier after douglas left the federal ndp in 1961 and the first universal medical care plan was introduced in canada', 81), ('woodrow lloyd became premier of canada in 1961 after douglas left to lead the federal ndp and the first universal medical care plan in canada was introduced', 78), ('in 1961 after douglas left to lead the ndp a woodrow lloyd became premier and the first universal medical care plan was introduced in canada', 46), ('after douglas left to lead the federal ndp in 1961 woodrow lloyd became premier and the first universal health care plan was introduced in canada', 38), ('after douglas left to lead the federal ndp in 1961 woodrow lloyd became premier and the first universal medical care plan was introduced in canada', 32), ('after douglas left to lead the federal ndp in 1961 woodrow lloyd became premier and the first universal medical care plan in canada was introduced', 13)]"
19,Namadi Sambo,[X] is [Y] citizen .,Nigeria,Mohammed Namadi Sambo (born 2 August 1954) is a Nigerian politician who was Vice President of [MASK] from 19 May 2010 to 29 May 2015.,Mohammed Namadi Sambo (born 2 August 1954) is a Nigerian politician who was Vice President of Nigeria from 19 May 2010 to 29 May 2015.,"[('Mohammed Namadi Sambo (born 2 August 1954) is a Nigerian politician who was Vice President of Nigeria from 19 May 2010 to 29 May 2015.', 0)]"
24,Leif Sylvester Petersen,[X] is [Y] citizen .,Denmark,"Leif Sylvester Petersen, (born 18 April 1940) in Copenhagen, also known as Leif Sylvester, is a [MASK] painter, graphic artist, musician and actor.","Leif Sylvester Petersen, (born 18 April 1940) in Copenhagen, also known as Leif Sylvester, is a Denmark painter, graphic artist, musician and actor.",
26,John Landy,[X] is [Y] citizen .,Australia,"At the conclusion of the 1956 Melbourne Olympic Games, the Geelong City Council held a dinner on 15 January 1957 to honour the six Geelong Guild athletes (Ron Blackney, John Chittick, Robert James ""Bob"" Joyce, John Landy, Don MacMillan and John Vernon) who had represented Geelong and [MASK] at these games.","At the conclusion of the 1956 Melbourne Olympic Games, the Geelong City Council held a dinner on 15 January 1957 to honour the six Geelong Guild athletes (Ron Blackney, John Chittick, Robert James ""Bob"" Joyce, John Landy, Don MacMillan and John Vernon) who had represented Geelong and Australia at these games.","[('the city council held a dinner on january 15 1957 at the conclusion of the 1956 melbourne olympic games to honor the six geelong guild athletes ron blackney john chittick robert james bob joyce john landy don macmillan and john vernon who represented geelong and australia at these', 105), ('at the conclusion of the 1956 melbourne olympic games the geelong city council held a dinner on january 15 1957 to honour the six geelong guild athletes ron blackney john chittick robert james bob joyce john landy don macmillan and john vernonptsd who had represented gee', 56), ('at the conclusion of the 1956 melbourne olympic games the geelong city council held a dinner in january 1957 to honor the six geelong guild athletes ron blackney john chittick robert james bob joyce john landy don macmillan and john vernon who had represented gee', 51), ('at the conclusion of the 1956 melbourne olympic games the geelong city council held a dinner in january 1957 to honour the six geelong guild athletes ron blackney john chittick robert james bob joyce john landy don macmillan and john vernon who represented geelong', 50), ('at the conclusion of the 1956 melbourne olympics the geelong city council held a dinner on 15 january 1957 to honour the six geelong guild athletes ron blackney john chittick robert james bob joyce john landy don macmillan and john vernon who represented geelong and', 47), ('at the conclusion of the 1956 melbourne olympic games the geelong city council held a dinner on january 15 1957 to honour six geelong guild members ron blackney john chittick robert james bob joyce john landy don macmillan and john vernon who had represented australia at these games', 41), ('at the conclusion of the 1956 melbourne olympic games the geelong city council held a dinner on 15 january 1957 to honour the six geelong guild athletes ron blackney john chittick robert james bob joyce john landy don macmillan and john vernon who had represented geelong and', 38), ('at the conclusion of the 1956 melbourne olympic games the geelong city council held a dinner on january 15 1957 to honour the six geelong guild athletes ron blackney john chittick robert james bob joyce john landy don macmillan and john vernon who represented australia at these games', 35), ('at the conclusion of the 1956 melbourne olympic games the geelong city council held a dinner on 15 january 1957 to honour the six geelong guild athletes ron blackney john chittick robert james bob joyce john landy don macmillan and john vernon who had represented geelong and australia', 28)]"
29,H. V. Evatt,[X] is [Y] citizen .,Australia,"Elizabeth Andreas Evatt, AC (born 11 November 1933), an eminent Australian reformist lawyer and jurist who sat on numerous national and international tribunals and commissions, was the first Chief Judge of the Family Court of [MASK], the first female judge of an Australian federal court, and the first Australian to be elected to the United Nations Human Rights Committee.","Elizabeth Andreas Evatt, AC (born 11 November 1933), an eminent Australian reformist lawyer and jurist who sat on numerous national and international tribunals and commissions, was the first Chief Judge of the Family Court of Australia, the first female judge of an Australian federal court, and the first Australian to be elected to the United Nations Human Rights Committee.",
41,"Humphrey Stafford, 1st Duke of Buckingham",[X] is [Y] citizen .,England,"Humphrey Stafford, 1st Duke of Buckingham (15 August 1402 – 10 July 1460) was an [MASK] nobleman.","Humphrey Stafford, 1st Duke of Buckingham (15 August 1402 – 10 July 1460) was an England nobleman.","[('Humphrey Stafford, 1st Duke of Buckingham (15 August 1402 – 10 July 1460) was an England nobleman.', 0)]"
44,Boris Spassky,[X] is [Y] citizen .,France,The only champion present in Thessaloniki was Boris Spassky who had defected and now represented [MASK].,The only champion present in Thessaloniki was Boris Spassky who had defected and now represented France.,"[('boris spassky who had defected and now represented france was the only champion present in thessaloniki', 89), ('boris spassky was the only champion present in thessaloniki who had defected and now represented france', 33), ('the only champion present in thessaloniki was boris spassky who defected and now represented france', 17), ('the only champion present in thessaloniki was boris spassky who had defected and now represented france', 13)]"
45,Louise-Rosalie Lefebvre,[X] is [Y] citizen .,France,The Dugazon family (after their stage name) or the Gourgaud family was a famous acting dynasty in 18th century [MASK].,The Dugazon family (after their stage name) or the Gourgaud family was a famous acting dynasty in 18th century France.,"[('The Dugazon family (after their stage name) or the Gourgaud family was a famous acting dynasty in 18th century France.', 0)]"
46,Thomas Bo Larsen,[X] is [Y] citizen .,Denmark,"Thomas Bo Larsen (born 27 November 1963) is a [MASK] film actor, born in Gladsaxe, Denmark.","Thomas Bo Larsen (born 27 November 1963) is a Denmark film actor, born in Gladsaxe, Denmark.","[('Thomas Bo Larsen (born 27 November 1963) is a Denmark film actor, born in Gladsaxe, Denmark.', 0)]"
50,Daniela Iraschko-Stolz,[X] is [Y] citizen .,Austria,"[MASK] dominated the ski jumping, winning all five events: Thomas Morgenstern took three golds and one silver, Gregor Schlierenzauer won three golds, and Daniela Iraschko won the women's event.","Austria dominated the ski jumping, winning all five events: Thomas Morgenstern took three golds and one silver, Gregor Schlierenzauer won three golds, and Daniela Iraschko won the women's event.","[(""Austria dominated the ski jumping, winning all five events: Thomas Morgenstern took three golds and one silver, Gregor Schlierenzauer won three golds, and Daniela Iraschko won the women's event."", 0)]"
52,Ada Yonath,[X] is [Y] citizen .,Israel,Schmidt was the founder of X-ray crystallography at the Weizmann Institute and in [MASK] – a field in which Weizmann Institute’s Professor Ada Yonath was awarded the Nobel Prize in Chemistry for 2009.,Schmidt was the founder of X-ray crystallography at the Weizmann Institute and in Israel – a field in which Weizmann Institute’s Professor Ada Yonath was awarded the Nobel Prize in Chemistry for 2009.,"[('schmidt was the founder of x-ray crystallography at weizmann institute and in israel a field for which weizmann institutes professor ada yonath received the nobel prize in chemistry in 2009', 33), ('schmidt was the founder of the x-ray crystallography at weizmann institute and in israel a field in which weizmann institutes professor ada yonath was awarded the nobel prize for chemistry in 2009', 28), ('schmidt was the founder of x-ray crystallography at the weizmann institute and in israel a field in which weizmann institutes professor ada yonath received the nobel prize in chemistry in 2009', 26)]"
53,Mari Hamada,[X] is [Y] citizen .,Japan,"Mari Hamada (濱田マリ Hamada Mari, born December 27, 1968 at Kobe, Hyogo, [MASK]) is a Japanese singer and actress who starred in numerous movies and drama in Japan and released two solo albums and solo singles in the 1990s, after being part of the Japanese band ""Modern Choki Chokies"".","Mari Hamada (濱田マリ Hamada Mari, born December 27, 1968 at Kobe, Hyogo, Japan) is a Japanese singer and actress who starred in numerous movies and drama in Japan and released two solo albums and solo singles in the 1990s, after being part of the Japanese band ""Modern Choki Chokies"".","[('Mari Hamada (濱田マリ Hamada Mari, born December 27, 1968 at Kobe, Hyogo, Japan) is a Japanese singer and actress who starred in numerous movies and drama in Japan and released two solo albums and solo singles in the 1990s, after being part of the Japanese band ""Modern Choki Chokies"".', 0)]"
57,Jeet Ganguly,[X] is [Y] citizen .,India,"In the past Jeet was a member of the Board of Directors of Transocean Ltd, Larsen & Toubro ([MASK]) Limited.","In the past Jeet was a member of the Board of Directors of Transocean Ltd, Larsen & Toubro (India) Limited.","[('jeet was a member of the board of directors of larsen toubro india limited transocean ltd in the past', 64), ('jeet was a member of the board of directors of transocean ltd larsen toubro india limited in the past', 37), ('in the past jeet was a member of the boards of directors of transocean ltd larsen toubro india limited', 15), ('in the past jeet was a member of the board of directors of transocean ltd larsen toubro india limited', 14)]"
58,Arturo Rodas,[X] is [Y] citizen .,Ecuador,Arturo Rodas (3 March 1954 in Quito) is an [MASK] French-citizen composer.,Arturo Rodas (3 March 1954 in Quito) is an Ecuador French-citizen composer.,"[('Arturo Rodas (3 March 1954 in Quito) is an Ecuador French-citizen composer.', 0)]"
60,Enrique Llanes,[X] is [Y] citizen .,Mexico,"Enrique Juan Yañez González (August 24, 1919 – September 18, 2004), best known under the ring name Enrique Llanes, was one of the premier Hispanic professional wrestlers in the early days of Lucha Libre when most wrestlers were imported from outside of [MASK].","Enrique Juan Yañez González (August 24, 1919 – September 18, 2004), best known under the ring name Enrique Llanes, was one of the premier Hispanic professional wrestlers in the early days of Lucha Libre when most wrestlers were imported from outside of Mexico.","[('enrique juan yaez gonzlez 24 august 1919 18 september 2004 best known under the ring name enrique llanes was one of the greatest hispanic professional wrestlers in the early days of lucha libre when most wrestlers were imported from', 47), ('enrique juan yaez gonzlez 24 august 1919 18 september 2004 best known under the ring name enrique llanes was one of the premier hispanic professional wrestlers in the early days of lucha libre when most wrestlers were imported from', 42), ('enrique juan yaez gonzlez 24 august 1919 18 september 2004 best known under the ring name enrique llanes was one of the leading hispanic professional wrestlers in the early days of lucha libre when most wrestlers were imported from outside mexico', 33), ('enrique juan yaez gonzlez 24 august 1919 18 september 2004 known under the ring name enrique llanes was one of the premier hispanic professional wrestlers in the early days of lucha libre when most wrestlers were imported from outside mexico', 32)]"
62,Lionel Messi,[X] is [Y] citizen .,Argentina,"Eduardo Messi, president of Nucleoeléctrica [MASK] S.A.","Eduardo Messi, president of Nucleoeléctrica Argentina S.A.","[('Eduardo Messi, president of Nucleoeléctrica Argentina S.A.', 0)]"
65,Diosdado Cabello,[X] is [Y] citizen .,Venezuela,"Diosdado Cabello Rondón (born 15 April 1963) is a Venezuelan politician, member of the National Assembly of [MASK] and a former Speaker of the country's legislature, and active member of the Venezuelan armed forces.","Diosdado Cabello Rondón (born 15 April 1963) is a Venezuelan politician, member of the National Assembly of Venezuela and a former Speaker of the country's legislature, and active member of the Venezuelan armed forces.","[(""Diosdado Cabello Rondón (born 15 April 1963) is a Venezuelan politician, member of the National Assembly of Venezuela and a former Speaker of the country's legislature, and active member of the Venezuelan armed forces."", 0)]"
67,Ken Okuyama,[X] is [Y] citizen .,Japan,His given name is Kiyoyuki Okuyama (奥山 清行 Okuyama Kiyoyuki) but goes by Ken Okuyama (ケン・オクヤマ) outside [MASK].,His given name is Kiyoyuki Okuyama (奥山 清行 Okuyama Kiyoyuki) but goes by Ken Okuyama (ケン・オクヤマ) outside Japan.,"[('his given name is kiyoyuki okuyama okuyama kiyoyuki but outside japan he is known as ken okuyama', 46)]"
69,Itta of Metz,[X] is [Y] citizen .,Belgium,"626 – March 17, 659) was a seventh-century abbess who, with her mother Itta, founded the Benedictine monastery of Nivelles in present-day [MASK].","626 – March 17, 659) was a seventh-century abbess who, with her mother Itta, founded the Benedictine monastery of Nivelles in present-day Belgium.","[('626 – March 17, 659) was a seventh-century abbess who, with her mother Itta, founded the Benedictine monastery of Nivelles in present-day Belgium.', 0)]"
70,Leonardo Silva,[X] is [Y] citizen .,Brazil,"Hugo Leonardo Silva Serejo or simply Léo Silva (born December 24, 1985 in São Luis, [MASK]), is an association footballer who currently plays for Albirex Niigata.","Hugo Leonardo Silva Serejo or simply Léo Silva (born December 24, 1985 in São Luis, Brazil), is an association footballer who currently plays for Albirex Niigata.","[('Hugo Leonardo Silva Serejo or simply Léo Silva (born December 24, 1985 in São Luis, Brazil), is an association footballer who currently plays for Albirex Niigata.', 0)]"
71,Andrew Bogut,[X] is [Y] citizen .,Australia,"Virgin Islands) in 1997, Michael Olowokandi (Nigeria) in 1998, Andrew Bogut ([MASK]) in 2005, Kyrie Irving (Australia) in 2011, Anthony Bennett (Canada) in 2013, Andrew Wiggins (Canada) in 2014, and Karl-Anthony Towns (Dominican Republic) in 2015.","Virgin Islands) in 1997, Michael Olowokandi (Nigeria) in 1998, Andrew Bogut (Australia) in 2005, Kyrie Irving (Australia) in 2011, Anthony Bennett (Canada) in 2013, Andrew Wiggins (Canada) in 2014, and Karl-Anthony Towns (Dominican Republic) in 2015.","[('Virgin Islands) in 1997, Michael Olowokandi (Nigeria) in 1998, Andrew Bogut (Australia) in 2005, Kyrie Irving (Australia) in 2011, Anthony Bennett (Canada) in 2013, Andrew Wiggins (Canada) in 2014, and Karl-Anthony Towns (Dominican Republic) in 2015.', 0)]"
73,Juma Ikangaa,[X] is [Y] citizen .,Tanzania,"He came second in the 1989 New York City Marathon in 2:09:38 to [MASK]’s Juma Ikangaa’s 2:08:01; as of 2007, that was the fourth-fastest marathon time by an American-born athlete.","He came second in the 1989 New York City Marathon in 2:09:38 to Tanzania’s Juma Ikangaa’s 2:08:01; as of 2007, that was the fourth-fastest marathon time by an American-born athlete.",
76,Marlene Favela,[X] is [Y] citizen .,Mexico,"Marlene Favela (born Silvia Marlene Favela Meraz on August 5, 1976 in Santiago Papasquiaro, Durango, [MASK]) is a Mexican actress.","Marlene Favela (born Silvia Marlene Favela Meraz on August 5, 1976 in Santiago Papasquiaro, Durango, Mexico) is a Mexican actress.","[('Marlene Favela (born Silvia Marlene Favela Meraz on August 5, 1976 in Santiago Papasquiaro, Durango, Mexico) is a Mexican actress.', 0)]"
82,Abdul Khalid Ibrahim,[X] is [Y] citizen .,Malaysia,He was a Member of Parliament of (P124) Bandar Tun Razak in Wilayah Persekutuan (Federal Territory) of [MASK]) representing the National Front Coalition (Barisan Nasional) for 3 terms until he lost to Tan Sri Abdul Khalid Ibrahim of Parti Keadilan Rakyat (PKR) in the twelfth General Election in Malaysia on 8 March 2008.,He was a Member of Parliament of (P124) Bandar Tun Razak in Wilayah Persekutuan (Federal Territory) of Malaysia) representing the National Front Coalition (Barisan Nasional) for 3 terms until he lost to Tan Sri Abdul Khalid Ibrahim of Parti Keadilan Rakyat (PKR) in the twelfth General Election in Malaysia on 8 March 2008.,"[('He was a Member of Parliament of (P124) Bandar Tun Razak in Wilayah Persekutuan (Federal Territory) of Malaysia) representing the National Front Coalition (Barisan Nasional) for 3 terms until he lost to Tan Sri Abdul Khalid Ibrahim of Parti Keadilan Rakyat (PKR) in the twelfth General Election in Malaysia on 8 March 2008.', 0)]"
84,Prince Leka of Albania,[X] is [Y] citizen .,Albania,"Prince Leka of [MASK] (Leka Anwar Zog Reza Baudouin Msiziwe Zogu, born 26 March 1982) is the only child of Leka, Crown Prince of Albania and Susan Cullen-Ward.","Prince Leka of Albania (Leka Anwar Zog Reza Baudouin Msiziwe Zogu, born 26 March 1982) is the only child of Leka, Crown Prince of Albania and Susan Cullen-Ward.","[('Prince Leka of Albania (Leka Anwar Zog Reza Baudouin Msiziwe Zogu, born 26 March 1982) is the only child of Leka, Crown Prince of Albania and Susan Cullen-Ward.', 0)]"
90,Auguste Forel,[X] is [Y] citizen .,Switzerland,"Other famous students of Meynert's were Russian neuropsychiatrist Sergei Korsakoff (1854–1900), German neuropathologist Carl Wernicke (1848–1905) and [MASK] neuroanatomist Auguste-Henri Forel (1848–1931).","Other famous students of Meynert's were Russian neuropsychiatrist Sergei Korsakoff (1854–1900), German neuropathologist Carl Wernicke (1848–1905) and Switzerland neuroanatomist Auguste-Henri Forel (1848–1931).","[(""other famous meynert's students are the russian neuropsychiatrist sergei korsakoff 18541900 german neuropathologist carl wernicke 18481905 and switzerland neuroanatomist auguste-henri forel 18481931"", 32), ('other famous meynert students were the russian neuropsychiatrist sergei korsakoff 18541900 german neuropathologist carl wernicke 18481905 and switzerland neuroanatomist auguste-henri forel 18481931', 31), ('other famous students of meynert include russian neuropsychiatrist sergei korsakoff 18541900 german neuropathologist carl wernicke 18481905 and swiss neuroanatomist auguste-henri forel 18481931', 28), ('other famous students of meynert were the russian neuropsychiatrist sergei korsakoff 18541900 german neuropathologist carl wernicke 18481905 and the switzerland neuroanatomist auguste-henri forel 184819', 25), ('other famous students of meynert were the russian neuropsychiatrist sergei korsakoff 18541900 german neuropathologist carl wernicke 18481905 and switzerland neuroanatomist auguste-henri forel 184819', 21), ('other famous students of meynert were the russian neuropsychiatrist sergei korsakoff 18541900 german neuropathologist carl wernicke 18481905 and switzerland neuroanatomist auguste-henri forel 18481931', 19), ('other famous students of meynert were russian neuropsychiatrist sergei korsakoff 18541900 german neuropathologist carl wernicke 18481905 and switzerland neuroanatomist auguste-henri forel 18481931', 15)]"
97,Alfred Werner,[X] is [Y] citizen .,Switzerland,Alfred Werner (12 December 1866 – 15 November 1919) was a [MASK] chemist who was a student at ETH Zurich and a professor at the University of Zurich.,Alfred Werner (12 December 1866 – 15 November 1919) was a Switzerland chemist who was a student at ETH Zurich and a professor at the University of Zurich.,"[('alfred werner december 12 1866 november 15 1919 was a swiss chemist who was a student at the eth zurich and a professor at the university of zurich', 38), ('alfred werner december 12 1866 november 15 1919 was a swiss chemist who was a student at eth zurich and a professor at the university of zurich', 34), ('alfred werner 12 december 1866 15 november 1919 was a swiss chemist a student at eth zurich and professor at the university of zurich', 32), ('alfred werner 12 december 1866 15 november 1919 was a swiss chemist who was a student at the eth zurich and a professor at the university of zurich', 26), ('alfred werner 12 december 1866 15 november 1919 was a swiss chemist who was a student at eth zrich and professor at the university of zurich', 25), ('alfred werner 12 december 1866 15 november 1919 was a switzerland chemist who was a student at the eth zurich and a professor at the university of zurich', 18), ('alfred werner 12 december 1866 15 november 1919 was a switzerland chemist who was a student at eth zurich and a professor at the university of zurich', 14)]"
99,Helga Nowotny,[X] is [Y] citizen .,Austria,The previous ERC President Helga Nowotny is from [MASK].,The previous ERC President Helga Nowotny is from Austria.,"[('helga nowotny was the previous president of the erc from austria', 35), ('the previous erc president helga nowotny is from austria', 13)]"
100,Szymon Szymonowic,[X] is [Y] citizen .,Poland,"Zimorowic acknowledges the most important earlier [MASK] pastoral poet Szymon Szymonowic, whose Sielanki appeared in 1614, as his master, but his own poems are notable for their local, ""Ruthenian"" (i.e.","Zimorowic acknowledges the most important earlier Poland pastoral poet Szymon Szymonowic, whose Sielanki appeared in 1614, as his master, but his own poems are notable for their local, ""Ruthenian"" (i.e.","[('Zimorowic acknowledges the most important earlier Poland pastoral poet Szymon Szymonowic, whose Sielanki appeared in 1614, as his master, but his own poems are notable for their local, ""Ruthenian"" (i.e.', 0)]"
105,Rosario Flores,[X] is [Y] citizen .,Spain,"Previously, his own band has featured an international mix of musicians – Perico Sambeat (alto saxophone; [MASK]), Bernardo Sassetti (piano; Portugal), Geoff Gascoyne (bass, United Kingdom), and Gene Calderazzo (drums; United States) More recently he has toured the Guy Barker Jazz Orchestra – a 15 piece big band featuring Rosario Giuliani (alto saxophone; Italy) and Per Johansson (tenor saxophone; Sweden) - performing DZF, a reworking of Mozart's Magic Flute with Michael Brandon narrating the story as a Raymond Chandler style pulp fiction novel, retold by Robert Ryan Guy Barker was Musical Director / Arranger for the opening gala concert ""Jazz Voice : Celebrating a century of song"" at the London Jazz Festival annually from 2008 to 2014.","Previously, his own band has featured an international mix of musicians – Perico Sambeat (alto saxophone; Spain), Bernardo Sassetti (piano; Portugal), Geoff Gascoyne (bass, United Kingdom), and Gene Calderazzo (drums; United States) More recently he has toured the Guy Barker Jazz Orchestra – a 15 piece big band featuring Rosario Giuliani (alto saxophone; Italy) and Per Johansson (tenor saxophone; Sweden) - performing DZF, a reworking of Mozart's Magic Flute with Michael Brandon narrating the story as a Raymond Chandler style pulp fiction novel, retold by Robert Ryan Guy Barker was Musical Director / Arranger for the opening gala concert ""Jazz Voice : Celebrating a century of song"" at the London Jazz Festival annually from 2008 to 2014.","[('Previously, his own band has featured an international mix of musicians – Perico Sambeat (alto saxophone; Spain), Bernardo Sassetti (piano; Portugal), Geoff Gascoyne (bass, United Kingdom), and Gene Calderazzo (drums; United States) More recently he has toured the Guy Barker Jazz Orchestra – a 15 piece big band featuring Rosario Giuliani (alto saxophone; Italy) and Per Johansson (tenor saxophone; Sweden) - performing DZF, a reworking of Mozart\'s Magic Flute with Michael Brandon narrating the story as a Raymond Chandler style pulp fiction novel, retold by Robert Ryan Guy Barker was Musical Director / Arranger for the opening gala concert ""Jazz Voice : Celebrating a century of song"" at the London Jazz Festival annually from 2008 to 2014.', 0)]"
118,Inge Magnusson,[X] is [Y] citizen .,Norway,Inge Magnusson or Inge Baglar-king was from 1196 to 1202 the Bagler candidate for pretender to the Norwegian throne during the Civil war era in [MASK].,Inge Magnusson or Inge Baglar-king was from 1196 to 1202 the Bagler candidate for pretender to the Norwegian throne during the Civil war era in Norway.,"[('Inge Magnusson or Inge Baglar-king was from 1196 to 1202 the Bagler candidate for pretender to the Norwegian throne during the Civil war era in Norway.', 0)]"
120,Eleanor Wachtel,[X] is [Y] citizen .,Canada,"Journalist Eleanor Wachtel describes a major problem faced by feminist magazines and journals in [MASK] in her 1983 report on Feminist Print Media as involving ""a small population stretched out across 4000 miles"".","Journalist Eleanor Wachtel describes a major problem faced by feminist magazines and journals in Canada in her 1983 report on Feminist Print Media as involving ""a small population stretched out across 4000 miles"".","[('journalist eleanor wachtel describes in her 1983 report on feminist print media a major problem faced by feminist magazines and journals in canada as involving a small population extending for 4000 miles', 111), ('in her 1983 report on feminist print media journalist eleanor wachtel describes a major problem faced by feminist magazines and journals in canada as involving a small population stretched over 4000 miles', 89), ('journalist eleanor wachtel describes a major problem faced by feminist magazines and journals in canada in her 1983 report on feminist print media as involving a small population sprawling over 4000', 34), ('journalist eleanor wachtel describes a major problem facing feminist magazines and journals in canada in her 1983 report on feminist print media as involving a small population spread over 4000 miles', 31), ('journalist eleanor wachtel describes a major problem faced by feminist magazines and journals in canada in her 1983 report on feminist print media as involving a small population stretched out over 4', 28), ('journalist eleanor wachtel describes a major problem faced by feminist magazines and journals in canada in her 1983 report feminist print media as involving a small population stretched across 4000 miles', 20), ('journalist eleanor wachtel describes a major problem faced by feminist magazines and journals in canada in her 1983 report on feminist print media as involving a small population stretching across 4000 miles', 19), ('journalist eleanor wachtel describes a major problem faced by feminist magazines and journals in canada in her 1983 report on feminist print media as involving a small population stretched across 4000 miles', 17), ('journalist eleanor wachtel described a major problem faced by feminist magazines and journals in canada in her 1983 report on feminist print media as involving a small population stretched out across 4000 miles', 14)]"
122,Charles II of Spain,[X] is [Y] citizen .,Spain,"Claude Lamoral, 3rd Prince of Ligne, Prince of Epinoy, Marquis of Roubaix and Count of Fauquemberg (8 October 1618 – 21 December 1679), was a nobleman from the Spanish Netherlands, military and diplomate in the service of Philip IV of [MASK] and Charles II of Spain .","Claude Lamoral, 3rd Prince of Ligne, Prince of Epinoy, Marquis of Roubaix and Count of Fauquemberg (8 October 1618 – 21 December 1679), was a nobleman from the Spanish Netherlands, military and diplomate in the service of Philip IV of Spain and Charles II of Spain .","[('Claude Lamoral, 3rd Prince of Ligne, Prince of Epinoy, Marquis of Roubaix and Count of Fauquemberg (8 October 1618 – 21 December 1679), was a nobleman from the Spanish Netherlands, military and diplomate in the service of Philip IV of Spain and Charles II of Spain .', 0)]"
163,Jean Baptiste Abbeloos,[X] is [Y] citizen .,Belgium,"Quadrophonia were a Dutch/[MASK] electronic music collective, formed by Olivier Abbeloos (also known as part of T99) and Lucien Foort in the late 1980s, with several of their tracks performed by Marvin D (Marvin Tholen).","Quadrophonia were a Dutch/Belgium electronic music collective, formed by Olivier Abbeloos (also known as part of T99) and Lucien Foort in the late 1980s, with several of their tracks performed by Marvin D (Marvin Tholen).","[('Quadrophonia were a Dutch/Belgium electronic music collective, formed by Olivier Abbeloos (also known as part of T99) and Lucien Foort in the late 1980s, with several of their tracks performed by Marvin D (Marvin Tholen).', 0)]"
166,Timothy Anglin,[X] is [Y] citizen .,Canada,"Timothy Warren Anglin (August 31, 1822 – May 4, 1896) was a [MASK] politician and Speaker of the Canadian House of Commons.","Timothy Warren Anglin (August 31, 1822 – May 4, 1896) was a Canada politician and Speaker of the Canadian House of Commons.","[('Timothy Warren Anglin (August 31, 1822 – May 4, 1896) was a Canada politician and Speaker of the Canadian House of Commons.', 0)]"
170,Hanan al-Shaykh,[X] is [Y] citizen .,Lebanon,"She has translated numerous literary works from Arabic to English, including several by the [MASK] author Hanan al-Shaykh.","She has translated numerous literary works from Arabic to English, including several by the Lebanon author Hanan al-Shaykh.","[('she has translated numerous literary works from arabic to english including several works by the lebanon author hanan al-shaykh', 19), ('she has translated numerous literary works from arabic to english including some by the lebanon author hanan al-shaykh', 18), ('she has translated numerous literary works from arabic to english including several by the libyan author hanan al-shaykh', 17), ('she has translated numerous literary works from arabic to english including several by the lebanese author hanan al-shaykh', 16), ('she has translated numerous literary works from arabic into english including several by the lebanon author hanan al-shaykh', 15), ('she has translated numerous literary works from arabic to english including several by the lebanon author hanan al-shaykh', 13)]"
174,Art mac Cuinn,[X] is [Y] citizen .,Ireland,"Art mac Cuinn (""son of Conn""), also known as Art Óenfer (literally ""one man"", used in the sense of ""lone"", ""solitary"", or ""only son""), was, according to medieval Irish legend and historical tradition, a High King of [MASK].","Art mac Cuinn (""son of Conn""), also known as Art Óenfer (literally ""one man"", used in the sense of ""lone"", ""solitary"", or ""only son""), was, according to medieval Irish legend and historical tradition, a High King of Ireland.","[('Art mac Cuinn (""son of Conn""), also known as Art Óenfer (literally ""one man"", used in the sense of ""lone"", ""solitary"", or ""only son""), was, according to medieval Irish legend and historical tradition, a High King of Ireland.', 0)]"
176,Kristy Sargeant,[X] is [Y] citizen .,Canada,"She is the elder sister of Kristy Sargeant, a former pair skater for [MASK].","She is the elder sister of Kristy Sargeant, a former pair skater for Canada.","[('she is the elder sister of kristy sargeant who was a former pair skater for canada', 21), ('she is the elder sister of kristy sargeant a former pair skater for canada', 13)]"
177,Ely Guerra,[X] is [Y] citizen .,Mexico,"Ely Guerra (born Elizabeth Guerra Vázquez, February 13, 1972) is a Mexican singer-songwriter who was raised in Monterrey, Nuevo Leon, [MASK].","Ely Guerra (born Elizabeth Guerra Vázquez, February 13, 1972) is a Mexican singer-songwriter who was raised in Monterrey, Nuevo Leon, Mexico.","[('Ely Guerra (born Elizabeth Guerra Vázquez, February 13, 1972) is a Mexican singer-songwriter who was raised in Monterrey, Nuevo Leon, Mexico.', 0)]"
179,Felix Plater,[X] is [Y] citizen .,Switzerland,"Felix Plater (or Platter) (October 28, 1536 – July 28, 1614) was a [MASK] physician, professor in Basel, well known for his classification of psychiatric diseases, and was also the first to describe an intracranial tumour (a meningioma).","Felix Plater (or Platter) (October 28, 1536 – July 28, 1614) was a Switzerland physician, professor in Basel, well known for his classification of psychiatric diseases, and was also the first to describe an intracranial tumour (a meningioma).","[('Felix Plater (or Platter) (October 28, 1536 – July 28, 1614) was a Switzerland physician, professor in Basel, well known for his classification of psychiatric diseases, and was also the first to describe an intracranial tumour (a meningioma).', 0)]"
181,Borys Kolesnikov,[X] is [Y] citizen .,Ukraine,"Borys Kolesnikov, a prominent Ukrainian politician and businessman, purchased the team in 2010, and from then until 2014 it was the most successful hockey club in [MASK].","Borys Kolesnikov, a prominent Ukrainian politician and businessman, purchased the team in 2010, and from then until 2014 it was the most successful hockey club in Ukraine.","[('uffed in 2010 borys kolesnikov a prominent ukrainian politician and businessman purchased the team and from then until 2014 it was the most successful hockey club in ukraine', 22), ('borys kolesnikov a prominent ukrainian politician and businessman bought the team in 2010 and from then until 2014 it was the most successful hockey club in ukraine', 21), ('borys kolesnikov a prominent ukrainian politician and businessman purchased the team in 2010 and from then on until 2014 it was the most successful hockey club in ukraine', 16), ('borys kolesnikov a prominent ukrainian politician and businessman purchased the team in 2010 and from then until 2014 it was the most successful hockey club in ukraine', 13)]"
183,Assif Tsahar,[X] is [Y] citizen .,Israel,"Assif Tsahar (born [MASK], June 11, 1969) is an Israeli tenor saxophonist and bass clarinetist.","Assif Tsahar (born Israel, June 11, 1969) is an Israeli tenor saxophonist and bass clarinetist.","[('Assif Tsahar (born Israel, June 11, 1969) is an Israeli tenor saxophonist and bass clarinetist.', 0)]"
185,Marek Niit,[X] is [Y] citizen .,Estonia,"Marek Niit (born August 9, 1987 in Kuressaare) is a male sprinter from [MASK] who won gold medal at the 200 metres at the 2006 World Junior Championships in Athletics in Beijing, China.","Marek Niit (born August 9, 1987 in Kuressaare) is a male sprinter from Estonia who won gold medal at the 200 metres at the 2006 World Junior Championships in Athletics in Beijing, China.","[('Marek Niit (born August 9, 1987 in Kuressaare) is a male sprinter from Estonia who won gold medal at the 200 metres at the 2006 World Junior Championships in Athletics in Beijing, China.', 0)]"
187,Marcel Trudel,[X] is [Y] citizen .,Canada,"Marcel Trudel, CC GOQ (May 29, 1917 – January 11, 2011) was a [MASK] historian, university professor (1947–1982) and author who published more than 40 books on the history of New France, scientifically re-written.","Marcel Trudel, CC GOQ (May 29, 1917 – January 11, 2011) was a Canada historian, university professor (1947–1982) and author who published more than 40 books on the history of New France, scientifically re-written.","[('Marcel Trudel, CC GOQ (May 29, 1917 – January 11, 2011) was a Canada historian, university professor (1947–1982) and author who published more than 40 books on the history of New France, scientifically re-written.', 0)]"
189,Fa Ngum,[X] is [Y] citizen .,Laos,":225–226 In 1359 the Khmer king gave the Phra Bang to his son-in-law, the first Lang Xang monarch Fa Ngum (1353-1373); to provide Buddhist legitimacy both to Fa Ngum's rule and by extension to the sovereignty of [MASK].",":225–226 In 1359 the Khmer king gave the Phra Bang to his son-in-law, the first Lang Xang monarch Fa Ngum (1353-1373); to provide Buddhist legitimacy both to Fa Ngum's rule and by extension to the sovereignty of Laos.","[("":225–226 In 1359 the Khmer king gave the Phra Bang to his son-in-law, the first Lang Xang monarch Fa Ngum (1353-1373); to provide Buddhist legitimacy both to Fa Ngum's rule and by extension to the sovereignty of Laos."", 0)]"
192,Lyuben Berov,[X] is [Y] citizen .,Bulgaria,"Stoyan Alexandrov ([MASK]: Стоян Александров, born 14 June 1949 in Iliya, Kystendil) is a Bulgarian economist, and former Minister of Finance under Prime Minister Lyuben Berov.","Stoyan Alexandrov (Bulgaria: Стоян Александров, born 14 June 1949 in Iliya, Kystendil) is a Bulgarian economist, and former Minister of Finance under Prime Minister Lyuben Berov.","[('Stoyan Alexandrov (Bulgaria: Стоян Александров, born 14 June 1949 in Iliya, Kystendil) is a Bulgarian economist, and former Minister of Finance under Prime Minister Lyuben Berov.', 0)]"
198,Luke Hemsworth,[X] is [Y] citizen .,Australia,"He has written and directed the feature films Crush (2009), starring Christopher Egan, Needle (2010), starring Michael Dorman, Jessica Marais, Travis Fimmel, Trilby Glover, and Ben Mendelsohn and The Reckoning (2014), starring Jonathan LaPaglia and Luke Hemsworth, which was released in [MASK] on September 5, 2014 after premiering at CinefestOZ on August 29.","He has written and directed the feature films Crush (2009), starring Christopher Egan, Needle (2010), starring Michael Dorman, Jessica Marais, Travis Fimmel, Trilby Glover, and Ben Mendelsohn and The Reckoning (2014), starring Jonathan LaPaglia and Luke Hemsworth, which was released in Australia on September 5, 2014 after premiering at CinefestOZ on August 29.","[('He has written and directed the feature films Crush (2009), starring Christopher Egan, Needle (2010), starring Michael Dorman, Jessica Marais, Travis Fimmel, Trilby Glover, and Ben Mendelsohn and The Reckoning (2014), starring Jonathan LaPaglia and Luke Hemsworth, which was released in Australia on September 5, 2014 after premiering at CinefestOZ on August 29.', 0)]"
199,Colman mac Duagh,[X] is [Y] citizen .,Ireland,"Saint Colman mac Duagh was born at Cork, Kiltartan, County Galway, [MASK], (c.","Saint Colman mac Duagh was born at Cork, Kiltartan, County Galway, Ireland, (c.","[('Saint Colman mac Duagh was born at Cork, Kiltartan, County Galway, Ireland, (c.', 0)]"
201,"Frank Oberle, Sr.",[X] is [Y] citizen .,Canada,"Frank Oberle, Sr., PC (born March 24, 1932) is a businessman and former [MASK] politician.","Frank Oberle, Sr., PC (born March 24, 1932) is a businessman and former Canada politician.","[('frank oberle sr pc born 24 march 1932 is a businessman and former canadian politician', 22)]"
203,Mario Aerts,[X] is [Y] citizen .,Belgium,"Mario Aerts (born 31 December 1974 in Herentals, [MASK]) is a former professional road bicycle racer, who competed between 1996 and 2011.","Mario Aerts (born 31 December 1974 in Herentals, Belgium) is a former professional road bicycle racer, who competed between 1996 and 2011.","[('Mario Aerts (born 31 December 1974 in Herentals, Belgium) is a former professional road bicycle racer, who competed between 1996 and 2011.', 0)]"
206,Terry Mosher,[X] is [Y] citizen .,Canada,"[MASK] authors published by the company included Giller Prize nominee Nancy Huston, Leacock Award winner Marsha Boulton, Arthur Ellis Award winner Rosemary Aubert, Trillium Award nominee Barry Callaghan, and Greg Gatenby, Kate Pullinger, AISLIN, Lisa Appignanesi, Anne DeGrace, Sondra Gotlieb, Rosemary Sullivan, Jack Granetstein, and John Brady among others.","Canada authors published by the company included Giller Prize nominee Nancy Huston, Leacock Award winner Marsha Boulton, Arthur Ellis Award winner Rosemary Aubert, Trillium Award nominee Barry Callaghan, and Greg Gatenby, Kate Pullinger, AISLIN, Lisa Appignanesi, Anne DeGrace, Sondra Gotlieb, Rosemary Sullivan, Jack Granetstein, and John Brady among others.","[('Canada authors published by the company included Giller Prize nominee Nancy Huston, Leacock Award winner Marsha Boulton, Arthur Ellis Award winner Rosemary Aubert, Trillium Award nominee Barry Callaghan, and Greg Gatenby, Kate Pullinger, AISLIN, Lisa Appignanesi, Anne DeGrace, Sondra Gotlieb, Rosemary Sullivan, Jack Granetstein, and John Brady among others.', 0)]"
207,Minamoto no Sanetomo,[X] is [Y] citizen .,Japan,"Started by Minamoto no Yoritomo and his son Sanetomo, the Bandō Sanjūsankasho is just one of 70 different Kannon pilgrimage circuits existing in [MASK], each including 33 temples because the Goddess is believed to have 33 different manifestations.","Started by Minamoto no Yoritomo and his son Sanetomo, the Bandō Sanjūsankasho is just one of 70 different Kannon pilgrimage circuits existing in Japan, each including 33 temples because the Goddess is believed to have 33 different manifestations.","[('Started by Minamoto no Yoritomo and his son Sanetomo, the Bandō Sanjūsankasho is just one of 70 different Kannon pilgrimage circuits existing in Japan, each including 33 temples because the Goddess is believed to have 33 different manifestations.', 0)]"
208,Abdul Malik Pahlawan,[X] is [Y] citizen .,Afghanistan,Abdul Malik Pahlawan is an Uzbek politician based in Faryab Province in northern [MASK].,Abdul Malik Pahlawan is an Uzbek politician based in Faryab Province in northern Afghanistan.,"[('abdul malik pahlawan is an uzbek politician who lives in faryab province in northern afghanistan', 21), ('abdul malik pahlawan is a uzbek politician based in the faryab province in northern afghanistan', 18), ('abdul malik pahlawan is an uzbek politician based in faryab province in north afghanistan', 16), ('abdul malik pahlawan is a uzbek politician based in faryab province in northern afghanistan', 14), ('abdul malik pahlawan is an uzbek politician based in faryab province in northern afghanistan', 13)]"
216,Blanca de Silos,[X] is [Y] citizen .,Spain,"In a Corner of [MASK] (Spanish:En un rincón de España) is a 1949 Spanish drama film directed by Jerónimo Mihura and starring Carlos Agostí, Juan de Landa and Blanca de Silos.","In a Corner of Spain (Spanish:En un rincón de España) is a 1949 Spanish drama film directed by Jerónimo Mihura and starring Carlos Agostí, Juan de Landa and Blanca de Silos.","[('en un rincn de espaa is a 1949 spanish drama film directed by jernimo mihura and starring carlos agost juan de landa and blanca de silos', 42), ('in a corner of spain spanishen un rincn de espaa is a 1949 spanish drama film directed by jernimo mihura and starring carlos agost juan de landa and blanca de silos', 14)]"
217,Gorm the Old,[X] is [Y] citizen .,Denmark,"The legendary kings of [MASK] are the predecessors of Gorm the Old, half history and half legend.","The legendary kings of Denmark are the predecessors of Gorm the Old, half history and half legend.","[('The legendary kings of Denmark are the predecessors of Gorm the Old, half history and half legend.', 0)]"
246,Gabriel Garcete,[X] is [Y] citizen .,Paraguay,"Gabriel Garcete Jimenez (born 7 January 1982 in Yegros, [MASK]) isa Paraguayan footballer.","Gabriel Garcete Jimenez (born 7 January 1982 in Yegros, Paraguay) isa Paraguayan footballer.","[('Gabriel Garcete Jimenez (born 7 January 1982 in Yegros, Paraguay) isa Paraguayan footballer.', 0)]"
248,Arthur Phillip,[X] is [Y] citizen .,Australia,"Admiral Arthur Phillip RN (11 October 1738 – 31 August 1814) was a Royal Navy officer, the first Governor of New South Wales and led the colonisation of what is now [MASK] and founded the British penal colony that later became the city of Sydney, Australia.","Admiral Arthur Phillip RN (11 October 1738 – 31 August 1814) was a Royal Navy officer, the first Governor of New South Wales and led the colonisation of what is now Australia and founded the British penal colony that later became the city of Sydney, Australia.","[('Admiral Arthur Phillip RN (11 October 1738 – 31 August 1814) was a Royal Navy officer, the first Governor of New South Wales and led the colonisation of what is now Australia and founded the British penal colony that later became the city of Sydney, Australia.', 0)]"
256,Johann Aegidius Bach,[X] is [Y] citizen .,Germany,"Johann Aegidius Bach (9 February 1645 – November 1716) was organist, violist, and municipal orchestra director of Erfurt, [MASK].","Johann Aegidius Bach (9 February 1645 – November 1716) was organist, violist, and municipal orchestra director of Erfurt, Germany.","[('Johann Aegidius Bach (9 February 1645 – November 1716) was organist, violist, and municipal orchestra director of Erfurt, Germany.', 0)]"
258,Katsuhiko Nagata,[X] is [Y] citizen .,Japan,"Katsuhiko Nagata (永田克彦 Nagata Katsuhiko, born on October 31, 1973 in Tōgane, Chiba, [MASK]) is a Japanese olympic wrestler and mixed martial artist, who won the silver medal in 63–69 kg Greco-Roman wrestling at the 2000 Summer Olympics.","Katsuhiko Nagata (永田克彦 Nagata Katsuhiko, born on October 31, 1973 in Tōgane, Chiba, Japan) is a Japanese olympic wrestler and mixed martial artist, who won the silver medal in 63–69 kg Greco-Roman wrestling at the 2000 Summer Olympics.","[('katsuhiko nagata nagata katsuhiko born 31 october 1973 in tgane chiba japan is a japanese olympic wrestler and mixed martial artist who won a silver medal in 6369 kg greco-roman wrestling at the 2000 summer olympics', 22)]"
260,Rodolfo Mederos,[X] is [Y] citizen .,Argentina,"They were also one of the major players in the tango-rock movement in [MASK] during that period, alongside Rodolfo Mederos's group and Invisible.","They were also one of the major players in the tango-rock movement in Argentina during that period, alongside Rodolfo Mederos's group and Invisible.","[(""They were also one of the major players in the tango-rock movement in Argentina during that period, alongside Rodolfo Mederos's group and Invisible."", 0)]"
261,Satoshi Tsumabuki,[X] is [Y] citizen .,Japan,"The film premiered on August 2, 2008 in [MASK] and stars Yosuke Eguchi, Aoi Miyazaki and Satoshi Tsumabuki.","The film premiered on August 2, 2008 in Japan and stars Yosuke Eguchi, Aoi Miyazaki and Satoshi Tsumabuki.","[('the film was released in japan on august 2 2008 and stars satoshi tsumabuki aoi miyazaki and yosuke eguchi', 65), ('the movie premiered in japan on august 2 2008 and stars satoshi tsumabuki aoi miyazaki and yosuke eguchi', 61), ('the film premiered in japan on 2 august 2008 and stars satoshi tsumabuki aoi miyazaki and yosuke eguchi', 59), ('the film premiered in japan on august 2 2008 and stars satoshi tsumabuki aoi miyazaki and yosuke eguchi', 57), ('the film premiered on 2 august 2008 in japan with stars satoshi tsumabuki aoi miyazaki and yosuke eguchi', 47)]"
262,Katerine Moreno,[X] is [Y] citizen .,Bolivia,Katerine Moreno de Quintanilla (born 4 May 1974 in Santa Cruz de la Sierra) is a retired swimmer from [MASK].,Katerine Moreno de Quintanilla (born 4 May 1974 in Santa Cruz de la Sierra) is a retired swimmer from Bolivia.,"[('katerine moreno de quintanilla born may 4 1974 in santa cruz de la sierra is a retired swimmer from bolivia', 17), ('katerine moreno de quintanilla born 4 may 1974 in santa cruz de la sierra is a retired swimmer from bolivia', 13)]"
267,Yuki Uchida,[X] is [Y] citizen .,Japan,"Junjou Karen Otome Moyou (純情可憐乙女模様) is Yuki Uchida's first album, released in [MASK] on 1995/02/08 on King Records label (reference: KICS-470).","Junjou Karen Otome Moyou (純情可憐乙女模様) is Yuki Uchida's first album, released in Japan on 1995/02/08 on King Records label (reference: KICS-470).","[(""Junjou Karen Otome Moyou (純情可憐乙女模様) is Yuki Uchida's first album, released in Japan on 1995/02/08 on King Records label (reference: KICS-470)."", 0)]"
272,Joan Burton,[X] is [Y] citizen .,Ireland,"Following the Irish general election, 2011 and a re-shuffle in 2014, four women were appointed cabinet ministers (the highest number of women in senior ministerial positions ever in [MASK]): Joan Burton, Frances Fitzgerald, Jan O'Sullivan and Heather Humphries.","Following the Irish general election, 2011 and a re-shuffle in 2014, four women were appointed cabinet ministers (the highest number of women in senior ministerial positions ever in Ireland): Joan Burton, Frances Fitzgerald, Jan O'Sullivan and Heather Humphries.","[(""following the 2011 irish general election and a reshuffle in 2014 four women cabinet ministers were appointed joan burton frances fitzgerald jan o'sullivan and heather humphries"", 104)]"
274,Fumihiko Maki,[X] is [Y] citizen .,Japan,"Spiral is a building by architect Fumihiko Maki in Aoyama, Tokyo, [MASK].","Spiral is a building by architect Fumihiko Maki in Aoyama, Tokyo, Japan.","[('spiral is a building designed by architect fumihiko maki in aoyama tokyo japan', 22)]"
275,Sachimi Iwao,[X] is [Y] citizen .,Japan,"Sachimi Iwao (岩尾 幸美 Iwao Sachimi) (born February 20, 1976 in Kokonoe, Oita) is a female field hockey player from [MASK].","Sachimi Iwao (岩尾 幸美 Iwao Sachimi) (born February 20, 1976 in Kokonoe, Oita) is a female field hockey player from Japan.","[('Sachimi Iwao (岩尾 幸美 Iwao Sachimi) (born February 20, 1976 in Kokonoe, Oita) is a female field hockey player from Japan.', 0)]"
277,John Queen,[X] is [Y] citizen .,Canada,"He was replaced as party leader by John Queen, formerly of the Social Democratic Party of [MASK].","He was replaced as party leader by John Queen, formerly of the Social Democratic Party of Canada.","[('as party leader he was replaced by john queen formerly a member of the social democrat party of canada', 38), ('he was replaced as party leader by john queen of the social democratic party of canada formerly', 30), ('he was replaced as party leader by john queen of the social democratic party of canada', 22), ('he was replaced as party leader by john queen former of the social democratic party of canada', 15), ('he was replaced as party leader by john queen formerly of the social democratic party of canada', 13)]"
279,Konosuke Matsushita,[X] is [Y] citizen .,Japan,"A native of Tamura, Fukushima and graduate of Sophia University, he was later accepted into the prestigious Matsushita Institute of Government and Management, an institution founded by Panasonic founder Konosuke Matsushita which grooms future civic leaders of [MASK].","A native of Tamura, Fukushima and graduate of Sophia University, he was later accepted into the prestigious Matsushita Institute of Government and Management, an institution founded by Panasonic founder Konosuke Matsushita which grooms future civic leaders of Japan.","[('a native of tamura fukushima and graduate of sophia university he was later accepted into the prestigious matsushita institute of government and management which is founded by panasonic founder konosuke matsushit', 69), ('a native of tamura fukushima and graduate of sophia university he was later accepted into the prestigious matsushita institute of government celebrated by panasonic founder konosuke matsushita which grooms future civic leaders of japan', 44), ('he is a native of tamura fukushima and a graduate of sophia university and was later accepted into the prestigious matsushita institute of government and management founded by panasonic founder konosuke matsushita which grooms future civic leaders', 40), ('a native of tamura fukushima and graduate of sophia university he was later accepted into the prestigious matsushita institute of government and management founded by panasonic founder konosuke matsushita which trains future civic leaders of', 38), ('a native of tamura fukushima and a graduate of sophia university he was later accepted at the prestigious matsushita institute of government and management founded by panasonic founder konosuke matsushita which grooms future civic leaders of japan', 33), ('a native of tamura fukushima and graduated from sophia university he was later accepted into the prestigious matsushita institute of government and management founded by panasonic founder konosuke matsushita which grooms future civic leaders of japan', 32), ('a native of tamura fukushima and a graduate of sophia university he was later accepted into the prestigious matsushita institute of government and management an institution founded by panasonic founder konosuke matsushita which grooms future civic leaders of', 21)]"
280,Manuel Uribe,[X] is [Y] citizen .,Mexico,"Manuel Uribe y Troncoso (17 June 1867, Toluca, Estado de México – 21 January 1959, New York City, USA) was a [MASK] ophthalmologist.","Manuel Uribe y Troncoso (17 June 1867, Toluca, Estado de México – 21 January 1959, New York City, USA) was a Mexico ophthalmologist.","[('Manuel Uribe y Troncoso (17 June 1867, Toluca, Estado de México – 21 January 1959, New York City, USA) was a Mexico ophthalmologist.', 0)]"
281,Malick Badiane,[X] is [Y] citizen .,Senegal,The only non-American player selected in the 2009 NBA Development League Expansion Draft was Malick Badiane of [MASK].,The only non-American player selected in the 2009 NBA Development League Expansion Draft was Malick Badiane of Senegal.,"[('the only non-american player selected in the nba development league expansion draft 2009 was malick badiane from senegal', 26), ('the only non-american player selected in the nba development league expansion draft 2009 was malick badiane of senegal', 23), ('the only non-american player selected in the 2009 nba development league expansion draft was malick badiane of senegal', 13)]"
282,Eduardo Schaerer,[X] is [Y] citizen .,Paraguay,Pedro Bobadilla was Vice President of [MASK] under Eduardo Schaerer.,Pedro Bobadilla was Vice President of Paraguay under Eduardo Schaerer.,"[('pedro bobadilla was the vice president of paraguay under eduardo schaerer', 17), ('pedro bobadilla was vice-president of paraguay under eduardo schaerer', 14), ('pedro bobadilla was vice president of paraguay under eduardo schaerer', 13)]"
283,Sayyed Imam Al-Sharif,[X] is [Y] citizen .,Egypt,"However, following the release of Sayyed Imam Al-Sharif's anti-terrorist manifesto Rationalizing Jihad in [MASK] and the World, he is reported to have ""declared on a Web site that he welcomed the rejection of violence as a means of fostering change in the Arab world"".","However, following the release of Sayyed Imam Al-Sharif's anti-terrorist manifesto Rationalizing Jihad in Egypt and the World, he is reported to have ""declared on a Web site that he welcomed the rejection of violence as a means of fostering change in the Arab world"".","[(""however after the publication of sayyed imam al-sharif's anti-terrorism manifesto rationalizing jihad in egypt and the world he is reported to have declared on a web site that he welcomed the rejection of violence as a"", 76), (""however after the release of sayyed imam al-sharif's anti-terrorist manifesto rationalizing jihad in egypt and the world he is reported to have declared on a web site that he welcomed the rejection of violence"", 71), (""however after the release of sayyed imam al-sharif's anti-terrorist manifesto rationalizing jihad in egypt and the world he is reported to have declared on a web site that he welcomed the rejection of violence as a"", 66), (""however after the release of sayyed imam al-sharif's anti-terrorist manifesto rationalizing jihad in egypt and the world he is reported to have declared on a web site that he welcomed the rejection of violence as a means of"", 57), (""however following the release of sayyed imam al-sharif's anti-terrorist manifesto rationalizing jihad in egypt and the world he is reported to have declared on a web site that he welcomed the rejection of violence as a means of"", 48), (""however following the release of sayyed imam al-sharif's anti-terrorist manifesto rationalizing jihad in egypt and the world he is reported to have declared on a web site that he welcomed the rejection of violence as a means of changing"", 40)]"
285,Jean Bobet,[X] is [Y] citizen .,France,Jean Bobet (born 22 February 1930 in Saint-Méen-le-Grand) is a [MASK] former road bicycle racer.,Jean Bobet (born 22 February 1930 in Saint-Méen-le-Grand) is a France former road bicycle racer.,"[('jean bobet born february 22 1930 in saint-men-le-grand is a former road bicycle racer from france', 37), ('jean bobet born february 22 1930 in saint-men-the-grand is a former french road bike racer', 35), ('jean bobet born february 22 1930 in saint-men-le-grand is a former french road bicycle racer', 29), ('jean bobet born february 22 1930 in saint-men-le-grand is a french former road bicycle racer', 21)]"
289,Ion Dragalina,[X] is [Y] citizen .,Romania,"Dragalina is a commune in Călăraşi County, [MASK], named after the Romanian general Ion Dragalina.","Dragalina is a commune in Călăraşi County, Romania, named after the Romanian general Ion Dragalina.","[('Dragalina is a commune in Călăraşi County, Romania, named after the Romanian general Ion Dragalina.', 0)]"
291,Adrian Knox,[X] is [Y] citizen .,Australia,"Sir Adrian Knox KCMG, KC (29 November 1863 – 27 April 1932), Australian judge, was the second Chief Justice of the High Court of [MASK], sitting on the bench of the High Court from 1919 to 1930.","Sir Adrian Knox KCMG, KC (29 November 1863 – 27 April 1932), Australian judge, was the second Chief Justice of the High Court of Australia, sitting on the bench of the High Court from 1919 to 1930.","[('Sir Adrian Knox KCMG, KC (29 November 1863 – 27 April 1932), Australian judge, was the second Chief Justice of the High Court of Australia, sitting on the bench of the High Court from 1919 to 1930.', 0)]"
293,Awang Hassan,[X] is [Y] citizen .,Malaysia,"Tan Sri Dato' Dr Yahya bin Awang (MBBS 1974), originally from Muar Johor, is a Malaysian cardiothoracic surgeon; born to the former state governor (Yang Di Pertua) of Pulau Pinang [MASK] (1981–1989), Tun Datuk Dr Haji Awang bin Hassan and Toh Puan Khadijah Abdul Rahman, sister of Tun Dr Ismail Abdul Rahman, the 2nd Deputy Prime Minister of Malaysia.","Tan Sri Dato' Dr Yahya bin Awang (MBBS 1974), originally from Muar Johor, is a Malaysian cardiothoracic surgeon; born to the former state governor (Yang Di Pertua) of Pulau Pinang Malaysia (1981–1989), Tun Datuk Dr Haji Awang bin Hassan and Toh Puan Khadijah Abdul Rahman, sister of Tun Dr Ismail Abdul Rahman, the 2nd Deputy Prime Minister of Malaysia.","[(""Tan Sri Dato' Dr Yahya bin Awang (MBBS 1974), originally from Muar Johor, is a Malaysian cardiothoracic surgeon; born to the former state governor (Yang Di Pertua) of Pulau Pinang Malaysia (1981–1989), Tun Datuk Dr Haji Awang bin Hassan and Toh Puan Khadijah Abdul Rahman, sister of Tun Dr Ismail Abdul Rahman, the 2nd Deputy Prime Minister of Malaysia."", 0)]"
295,Charles de Salaberry,[X] is [Y] citizen .,Canada,"In the aftermath of this confusion, the [MASK] forces under the command of Charles de Salaberry launched a counterattack against the shaken American forces, forcing a retreat to Champlain before the American forces withdrew from Lower Canada completely.","In the aftermath of this confusion, the Canada forces under the command of Charles de Salaberry launched a counterattack against the shaken American forces, forcing a retreat to Champlain before the American forces withdrew from Lower Canada completely.","[('following this confusion the canada forces under the command of charles de salaberry launched a counterattack against the shaken american forces forcing a retreat to champlain before the american forces withdrawn completely from lower canada', 54), ('in the aftermath of this confusion the canada forces under command of charles de salaberry launched a counterattack against the shaken american forces forcing a retreat to champlain before the american forces completely withdrew', 48), ('in the aftermath of this confusion the canada forces under the command of charles de salaberry launched a counterattack against the shaken american forces forcing a retreat to champlain before the american forces completely withdrew from', 45), ('in the aftermath of this confusion the canada forces under the command of charles de salaberry launched a counterattack against the shaken american forces forcing a retreat to champlain before the american forces had completely withdrawn from lower canada', 41), ('in the aftermath of this confusion canada forces under the command of charles de salaberry launched a counterattack against the shaken american forces forcing a retreat to champlain before the american forces withdrew completely from lower canada', 39), ('in the aftermath of this confusion the canada forces under the command of charles de salaberry launched a counterattack against the shaken american forces forcing a retreat to champlain before the american forces completely withdrawn from lower canada', 37), ('in the aftermath of this confusion the canada forces under the command of charles de salaberry launched a counterattack against the shaken american forces forcing a retreat to champlain before the american forces completely withdrew from lower canada', 35), ('in the aftermath of this confusion the canada forces under the command of charles de salaberry launched a counterattack against the shaken american forces forcing a retreat to champlain before the american forces withdrew completely from lower canada', 35), ('in the aftermath of this confusion the canada forces under command of charles de salaberry launched a counterattack against the shaken american forces forcing a retreat to champlain before the american forces withdrew from lower canada completely', 17)]"
296,Orest Subtelny,[X] is [Y] citizen .,Canada,"Ukraine: A History is a 1988 book on the history of Ukraine written by Orest Subtelny, a professor of history and political science at York University, Toronto, [MASK].","Ukraine: A History is a 1988 book on the history of Ukraine written by Orest Subtelny, a professor of history and political science at York University, Toronto, Canada.","[('ukrainian history is a 1988 book on the history of ukraine by orest subtelny a professor of history and political science at york university toronto canada', 25), ('ukraine a history is a 1988 book on the history of ukraine written by orest subtelny a professor of history and political science at the york university toronto canada', 18), ('ukraine a history is a 1988 book on the history of ukraine written by orest subtelny a professor of history and political science at york university toronto canada', 14)]"
297,Yahya Petra of Kelantan,[X] is [Y] citizen .,Malaysia,"Sultan Yahya Petra Bridge or Jambatan Sultan Yahya Petra (Jawi: جمبتن سلطان يحي ڤيترا) is a major bridge in Kota Bharu, Kelantan, [MASK] crossing Kelantan River.","Sultan Yahya Petra Bridge or Jambatan Sultan Yahya Petra (Jawi: جمبتن سلطان يحي ڤيترا) is a major bridge in Kota Bharu, Kelantan, Malaysia crossing Kelantan River.","[('Sultan Yahya Petra Bridge or Jambatan Sultan Yahya Petra (Jawi: جمبتن سلطان يحي ڤيترا) is a major bridge in Kota Bharu, Kelantan, Malaysia crossing Kelantan River.', 0)]"
303,Adriano Celentano,[X] is [Y] citizen .,Italy,"Ola & the Janglers recorde many singles only for [MASK]: Questo è un addio, Le mele verdi (for Adriano Celentano's label Clan Celentano), Bella Albarosa.","Ola & the Janglers recorde many singles only for Italy: Questo è un addio, Le mele verdi (for Adriano Celentano's label Clan Celentano), Bella Albarosa.","[(""Ola & the Janglers recorde many singles only for Italy: Questo è un addio, Le mele verdi (for Adriano Celentano's label Clan Celentano), Bella Albarosa."", 0)]"
304,Jens Evensen,[X] is [Y] citizen .,Norway,"Former Labour Party politician and head of Norwegian Broadcasting Corporation (NRK) Einar Førde called Jens Evensen ""one of the great [MASK] of the last century.""","Former Labour Party politician and head of Norwegian Broadcasting Corporation (NRK) Einar Førde called Jens Evensen ""one of the great Norway of the last century.""","[(""former labour party politician and head of the norwegian broadcasting corporation einar frde called jens evensen one of norway's greats of the last century"", 35), ('einar frde former labour party politician and head of the norwegian broadcasting corporation called jens evensen one of the great norwegians of the last century', 34)]"
308,Henriette Caillaux,[X] is [Y] citizen .,France,"Henriette Caillaux (5 December 1874 – 29 January 1943) was a Parisian socialite and second wife of the former Prime Minister of [MASK], Joseph Caillaux.","Henriette Caillaux (5 December 1874 – 29 January 1943) was a Parisian socialite and second wife of the former Prime Minister of France, Joseph Caillaux.",
310,Renzo Furlan,[X] is [Y] citizen .,Italy,"He represented his native country at the 1996 Summer Olympics in Atlanta, Georgia, where he was defeated in the second round by [MASK]'s Renzo Furlan.","He represented his native country at the 1996 Summer Olympics in Atlanta, Georgia, where he was defeated in the second round by Italy's Renzo Furlan.","[(""he represented his home country at the summer olympics 1996 in atlanta georgia where he was defeated by italy's renzo furlan in the second round"", 61), (""he represented his home country at the 1996 summer olympics in atlanta georgia where he was defeated by italy's renzo furlan in the second round"", 51), (""he represented his native country at the 1996 summer olympics in atlanta georgia where he was defeated by italy's renzo furlan in the second round"", 46), (""he represented his native country at the summer olympics 1996 in atlanta georgia where he was defeated in the second round by italy's renzo furlan"", 23), (""he represented his native country at the 1996 summer olympics in atlanta georgia where he was defeated in the second round by italy's renzo furlan"", 13)]"
313,Pierre Antonini,[X] is [Y] citizen .,France,"Pierre Antonini is a retired French mathematics professor and amateur astronomer who has discovered several minor planets and two supernovae at his private Observatoire de Bédoin (Bedoin Observatory; observatory code: 132) located at Bédoin, southeastern [MASK].","Pierre Antonini is a retired French mathematics professor and amateur astronomer who has discovered several minor planets and two supernovae at his private Observatoire de Bédoin (Bedoin Observatory; observatory code: 132) located at Bédoin, southeastern France.","[('pierre antonini is a retired french maths professor and amateur astronomer who has found several minor planets and two supernovae at his private observatory observatoire de bdoin bedoin observatory in bdoin south', 83), ('pierre antonini is a retired french mathematics professor and amateur astronomer who has discovered several minor planets and two supernovae at his private observatoire de bdoin bedoin observatory with the code', 64), ('pierre antonini is a retired french mathematics professor and amateur astronomer who has discovered several minor planets and two supernovae at his private observatory observatoire de bdoin bedoin observatory in bdoin southeastern', 62), ('pierre antonini is a retired french mathematics professor and amateur astronomer who discovered several minor planets and two supernovae at his private observatoire de bdoin bedoin observatory observatory with a code of', 55), ('pierre antonini is a retired french mathematics professor and amateur astronomer who discovered several minor planets and two supernovae in his private observatoire de bdoin bedoin observatory in bdoin southeastern france', 51), ('pierre antonini is a retired french mathematics professor and amateur astronomer he has discovered several minor planets and two supernovae at his private observatory observatoire de bdoin bedoin observatory located at bdoin in southeastern france', 50), ('pierre antonini is a retired french mathematics professor and amateur astronomer who has found several minor planets and two supernovae at his private observatoire de bdoin bedoin observatory observatory at bdoin southeastern france', 39), ('pierre antonini is a retired french mathematics professor and amateur astronomer who has discovered several minor planets and two supernovae at his private observatoire de bdoin bedoin observatory situated in bdoin southeastern france', 38), ('pierre antonini is a retired french mathematics professor and amateur astronomer who has discovered several minor planets and two supernovae in his private observatoire de bdoin bedoin observatory observatory code 132 located at bdoin ', 35)]"
315,Ivry Gitlis,[X] is [Y] citizen .,Israel,"Ivry Gitlis (Hebrew: עברי גיטליס; born 25 August 1922 in Haifa, [MASK]) is an Israeli virtuoso violinist and UNESCO Goodwill Ambassador.","Ivry Gitlis (Hebrew: עברי גיטליס; born 25 August 1922 in Haifa, Israel) is an Israeli virtuoso violinist and UNESCO Goodwill Ambassador.","[('Ivry Gitlis (Hebrew: עברי גיטליס; born 25 August 1922 in Haifa, Israel) is an Israeli virtuoso violinist and UNESCO Goodwill Ambassador.', 0)]"
317,Desmond O'Malley,[X] is [Y] citizen .,Ireland,"In 1981, Minister Desmond O'Malley of [MASK] unveiled a commemorative plaque adorning Jägerhorn’s house in Porvoo, Finland and stated: ""If this man has spent 2 years of prison for the independence of Ireland, he is indeed worthy of this plaque.""","In 1981, Minister Desmond O'Malley of Ireland unveiled a commemorative plaque adorning Jägerhorn’s house in Porvoo, Finland and stated: ""If this man has spent 2 years of prison for the independence of Ireland, he is indeed worthy of this plaque.""","[('In 1981, Minister Desmond O\'Malley of Ireland unveiled a commemorative plaque adorning Jägerhorn’s house in Porvoo, Finland and stated: ""If this man has spent 2 years of prison for the independence of Ireland, he is indeed worthy of this plaque.""', 0)]"
319,Caterina Davinio,[X] is [Y] citizen .,Italy,"In [MASK] he collaborated with the first net-poetry project: Karenina.it, by Italian artist Caterina Davinio.","In Italy he collaborated with the first net-poetry project: Karenina.it, by Italian artist Caterina Davinio.","[('In Italy he collaborated with the first net-poetry project: Karenina.it, by Italian artist Caterina Davinio.', 0)]"
320,Rudolf Viest,[X] is [Y] citizen .,Slovakia,"Rudolf Viest (24 September 1890, Revúca, Gömör és Kis-Hont County, Kingdom of Hungary, - 1945 ?, Flossenbürg concentration camp ?, Germany), was a [MASK] military leader, member of the Czechoslovak government in exile, member of the Slovak National Council and the commander of the 1st Czechoslovak army during the Slovak National Uprising.","Rudolf Viest (24 September 1890, Revúca, Gömör és Kis-Hont County, Kingdom of Hungary, - 1945 ?, Flossenbürg concentration camp ?, Germany), was a Slovakia military leader, member of the Czechoslovak government in exile, member of the Slovak National Council and the commander of the 1st Czechoslovak army during the Slovak National Uprising.",
322,Toke Makinwa,[X] is [Y] citizen .,Nigeria,"Toke Makinwa (born 3 November 1984) is a [MASK] radio personality, television host, and vlogger.","Toke Makinwa (born 3 November 1984) is a Nigeria radio personality, television host, and vlogger.","[('Toke Makinwa (born 3 November 1984) is a Nigeria radio personality, television host, and vlogger.', 0)]"
324,Mathieu Bodmer,[X] is [Y] citizen .,France,"Mathieu Bodmer (born 22 November 1982 in Évreux, Eure) is a [MASK] footballer who currently plays for Ligue 1 club OGC Nice.","Mathieu Bodmer (born 22 November 1982 in Évreux, Eure) is a France footballer who currently plays for Ligue 1 club OGC Nice.","[('Mathieu Bodmer (born 22 November 1982 in Évreux, Eure) is a France footballer who currently plays for Ligue 1 club OGC Nice.', 0)]"
326,Alix Perez,[X] is [Y] citizen .,Belgium,"Alix Perez is the stage name of Alix Depauw, a drum and bass DJ and producer originally from Charleroi, [MASK].","Alix Perez is the stage name of Alix Depauw, a drum and bass DJ and producer originally from Charleroi, Belgium.","[('Alix Perez is the stage name of Alix Depauw, a drum and bass DJ and producer originally from Charleroi, Belgium.', 0)]"
328,Friederike Caroline Neuber,[X] is [Y] citizen .,Germany,"Alongside Friederike Caroline Neuber, she was widely considered [MASK]'s greatest actress of the 18th century.","Alongside Friederike Caroline Neuber, she was widely considered Germany's greatest actress of the 18th century.","[(""she was known as the german's greatest actress of the 18th century alongside friederike caroline neuber"", 96), ('alongside friederike caroline neuber she was regarded as the greatest german actress of the 18th century', 40), ('alongside friederike caroline neuber she was considered the greatest german actress of the 18th century', 35), ('alongside friederike caroline neuber she was widely considered the great german actress of the 18th century', 28), (""alongside friederike caroline neuber was generally considered germany's greatest actress of the 18th century"", 23), (""together with friederike caroline neuber she was widely considered germany's greatest actress of the 18th century"", 18), (""alongside friederike caroline neuber she was widely considered germany's greatest actress of the 18th century"", 13)]"
