,sub_label,template,obj_label,masked_sentence
0,Steve Jobs,[X] works for [Y] .,Apple,"[MASK] was founded by Steve Jobs, Steve Wozniak, and Ronald Wayne on April 1, 1976, to develop and sell personal computers."
120,Steve Wozniak,[X] works for [Y] .,Apple,"[MASK] was founded by Steve Jobs, Steve Wozniak, and Ronald Wayne on April 1, 1976, to develop and sell personal computers."
160,Paul Allen,[X] works for [Y] .,Microsoft,"In 1975, Gates and Paul Allen co-founded [MASK], which became the world's largest PC software company."
191,Satya Nadella,[X] works for [Y] .,Microsoft,"He stepped down as Chairman of [MASK] in February 2014, taking on a new post as technology advisor to support newly appointed CEO Satya Nadella."
193,Jeremy Paxman,[X] works for [Y] .,BBC,"The election was broadcast live on the [MASK], and presented by Jeremy Paxman, Andrew Marr, Peter Snow and David Dimbleby."
205,Andrew Marr,[X] works for [Y] .,BBC,"The election was broadcast live on the [MASK], and presented by Jeremy Paxman, Andrew Marr, Peter Snow and David Dimbleby."
218,David Dimbleby,[X] works for [Y] .,BBC,"The election was broadcast live on the [MASK], and presented by Jeremy Paxman, Andrew Marr, Peter Snow and David Dimbleby."
235,Grady Booch,[X] works for [Y] .,IBM,"It was developed by Grady Booch, while at Rational Software (now part of [MASK])."
236,Horst Feistel,[X] works for [Y] .,IBM,"Developed in the early 1970s at [MASK] and based on an earlier design by Horst Feistel, the algorithm was submitted to the National Bureau of Standards (NBS) following the agency's invitation to propose a candidate for the protection of sensitive, unclassified electronic government data."
242,Philip Don Estridge,[X] works for [Y] .,IBM,"It was created by a team of engineers and designers under the direction of Don Estridge of the [MASK] Entry Systems Division in Boca Raton, Florida."
243,Bill Gates,[X] works for [Y] .,Microsoft,"[MASK] was founded by Paul Allen and Bill Gates on April 4, 1975, to develop and sell BASIC interpreters for Altair 8800."
328,Steve Ballmer,[X] works for [Y] .,Microsoft,"In late 2012, Gelsinger was named by industry analysts as a possible successor to Steve Ballmer as the CEO of [MASK]."
349,Abdul Karim,[X] works for [Y] .,Victoria,"Upon his return from India, he also painted (in 1888 and 1889) two portraits of Abdul Karim (the Munshi), [MASK]'s favorite Indian servant."
354,Jonathan King,[X] works for [Y] .,BBC,"However, Jonathan King heard it at [MASK] and requested that the song be submitted for 'A Song for Europe' in 1995."
355,Marissa Mayer,[X] works for [Y] .,Google,"Marissa Mayer, a former [MASK] executive, serves as CEO and President of the company."
359,Dave Hyatt,[X] works for [Y] .,Apple,Mike Pinkerton had been the technical lead of the Camino project since Dave Hyatt moved to the Safari team at [MASK]
363,Jeff Fager,[X] works for [Y] .,CBS,"On November 15, 2011, [MASK] announced the cancellation of The Early Show, and replacement by a new morning program that CBS News chairman Jeff Fager and president David Rhodes stated would ""redefine the morning television landscape."""
366,Daniel Filipacchi,[X] works for [Y] .,Elle,"In 1981, with his friend Daniel Filipacchi, he purchased Hachette magazines, which included the French TV Guide (Tele 7 Jours), and the then-struggling [MASK]."
367,Stephen Elop,[X] works for [Y] .,Microsoft,"Stephen Elop, Nokia's former CEO, and several other executives joined the new Microsoft Mobile subsidiary of [MASK] as part of the deal, which was completed on April 25, 2014."
370,John Sculley,[X] works for [Y] .,Apple,"The term PDA was first used on January 7, 1992 by [MASK] CEO John Sculley at the Consumer Electronics Show in Las Vegas, Nevada, referring to the Apple Newton."
389,Phil Schiller,[X] works for [Y] .,Apple,"In August 2006, the Power Mac's retirement was announced at [MASK]'s Worldwide Developers Conference by Steve Jobs and Phil Schiller, making way for its Intel-based replacement, the Mac Pro."
390,Gerd Binnig,[X] works for [Y] .,IBM,"Its development in 1981 earned its inventors, Gerd Binnig and Heinrich Rohrer (at [MASK] Zürich), the Nobel Prize in Physics in 1986."
394,Heinrich Rohrer,[X] works for [Y] .,IBM,"Its development in 1981 earned its inventors, Gerd Binnig and Heinrich Rohrer (at [MASK] Zürich), the Nobel Prize in Physics in 1986."
397,Brian Krzanich,[X] works for [Y] .,Intel,"Brian Krzanich, CEO of [MASK], announced that ""our cadence today is closer to two and a half years than two.” This is scheduled to hold through the 10 nm width in late 2017."
398,Satoru Iwata,[X] works for [Y] .,Nintendo,"[MASK]'s Satoru Iwata hired Sakurai, a long-time friend whom he had worked with at HAL Laboratory, to work on Super Smash Bros."
419,Spike Milligan,[X] works for [Y] .,BBC,Dirk has the distinction of being the last [MASK] Light Entertainment Producer to direct Spike Milligan in a radio audience show at the BBC's legendary Paris Studio.
427,Danny Baker,[X] works for [Y] .,BBC,"He often works in partnership with fellow sports fan and radio journalist Danny Baker, who is also an NME alumnus, having broadcast in both local/national commercial and [MASK] radio."
431,Jeremy Clarkson,[X] works for [Y] .,BBC,"Pierre Scerri is a French telecommunications engineer and model builder, who gained fame in 1998 after having his highly accurate 1:3 scale model of a Ferrari 312 PB featured on the [MASK] programme Jeremy Clarkson's Extreme Machines."
443,Peter Barron,[X] works for [Y] .,Google,"Peter Barron (born 1962) is a Northern Irish journalist and [MASK]'s head of communications for Europe, Middle East and Africa."
445,John Snagge,[X] works for [Y] .,BBC,"It is believed that he was born into a wealthy family, and was due to inherit a considerable sum when he attained the age of 30 years; his guardian was the [MASK] radio and television announcer John Snagge, according to a newspaper report of Wally's death."
449,Justin Webb,[X] works for [Y] .,BBC,He was the father of [MASK] broadcaster Justin Webb.
450,Kenneth Wolstenholme,[X] works for [Y] .,BBC,"It is taken from Kenneth Wolstenholme's [MASK] TV commentary in the closing moments of the 1966 World Cup, where England beat West Germany 4-2 after extra time to win the FIFA World Cup."
454,Terry Wogan,[X] works for [Y] .,BBC,"The song itself is an energetic dance number, with influences of the ethnic styles which have proven popular over recent years ([MASK] commentator Terry Wogan referred to the song as having ""a whiff of the souk"" about it)."
467,Victoria Derbyshire,[X] works for [Y] .,BBC,"Carol Kirkwood (born 29 May 1962) is a Scottish weather presenter, trained by the Met Office, and employed by the [MASK], notably on BBC Breakfast and Victoria Derbyshire."
469,Leslie Megahey,[X] works for [Y] .,BBC,"The Hour of the Pig is a 1993 British/French film by writer/director Leslie Megahey, produced by the [MASK]."
470,Alistair Cooke,[X] works for [Y] .,BBC,"His work was hailed by, among others, New York Times columnist Russell Baker (in his book Good Times) and by essayist and [MASK] correspondent Alistair Cooke, who described O'Neill's coverage of the trials of Alger Hiss as ""incomparable"" in A Generation on Trial."
473,Dirk Maggs,[X] works for [Y] .,BBC,"In May 2013, Salis played the role of Sable, Sump, Clarence & Homeless man in a [MASK] radio adaptation of Neil Gaiman’s Neverwhere, adapted by Dirk Maggs."
475,P. D. James,[X] works for [Y] .,BBC,"Chaplin also adapted novels by the crime writer Reginald Hill for four films in the [MASK] series Dalziel and Pascoe (one of these, 'On Beulah Height', won an Edgar Award from the Mystery Writers of America); and also P D James' 'Original Sin' for an ITV mini-series."
476,Bridget Kendall,[X] works for [Y] .,BBC,Bridget Kendall MBE (born 27 April 1956) is an English journalist who is the [MASK]'s Diplomatic correspondent working for the corporation's radio and television networks.
480,Huw Edwards,[X] works for [Y] .,BBC,"Huw Edwards is a fictional character from the [MASK] soap opera EastEnders, played by Richard Elis."
484,Adam Curtis,[X] works for [Y] .,BBC,"The song ""Wait"" was featured in the film Children of Men (2006), while the song ""Monkey 23"" was featured in the film The Beat That My Heart Skipped (2005) and in Adam Curtis' [MASK] Documentary, ""All Watched Over by Machines of Loving Grace"" Part 1 (2011) while ""Cat Claw"" and ""Wait"" were both overheard in the Criminal Minds Season 3 episode, ""Doubt""."
491,Peter Alliss,[X] works for [Y] .,BBC,"Clark has since worked as a commentator for the [MASK] and CBS, and as a golf course architect, often alongside fellow BBC golf analyst Peter Alliss."
497,Ken Loach,[X] works for [Y] .,BBC,Her television work began with Ken Loach's once controversial Up The Junction (1965) for the [MASK]'s Wednesday play series.
504,Simon McCoy,[X] works for [Y] .,BBC,"Simon McCoy (born 7 October 1961) is a newsreader for the [MASK], and is a regular presenter on the rolling news channel BBC News between 2pm and 5pm."
506,Chris Hollins,[X] works for [Y] .,BBC,"In 2009, he competed in the [MASK] reality series Strictly Come Dancing coming second to Chris Hollins."
507,Charles Simonyi,[X] works for [Y] .,Microsoft,"The owner is Charles Simonyi, a former Software Engineer from [MASK] and the fifth space tourist."
511,Roly Keating,[X] works for [Y] .,BBC,"Roly Keating of the [MASK] described it as ""one of the great television talk formats of all time"" and the Daily Mail as ""the most intelligent, thought-provoking and interesting programme ever to have been on television""."
513,Glenda Jackson,[X] works for [Y] .,BBC,"Leading an all-star cast are Vanessa Redgrave as the titular character and Glenda Jackson as Elizabeth I. Jackson had previously played the part of Elizabeth in the [MASK] TV drama Elizabeth R, screened in February and March 1971, the first episode of which was also written by Hale."
517,David Frost,[X] works for [Y] .,BBC,Breakfast with Frost was a Sunday morning [MASK] current affairs programme hosted by Sir David Frost.
523,Gwen Ifill,[X] works for [Y] .,PBS,"The IOP also has a full-time staff, an advisory committee of Harvard students, and an advisory board including Caroline Kennedy, former US Secretary of Labor Elaine Chao, former Senator Chuck Hagel (R-NE), former Senator John Culver (D-IA) and Congressman William Delahunt (D-MA), former White House Chief of Staff Kenneth Duberstein, former congressman Phil Sharp (D-IN), [MASK] correspondent Gwen Ifill, New York Times executive Rick Berke, and former advisor to President Kennedy Milton Gwirtzman."
531,Ernie Wise,[X] works for [Y] .,BBC,"The partnership also wrote for such performers as Roy Castle and Frankie Howerd, but their best-remembered collaboration was with the comedy double act Eric Morecambe and Ernie Wise, on the ATV show Two of a Kind (1962–66), and the comedians' first colour [MASK] series in 1968."
532,Craig Mundie,[X] works for [Y] .,Microsoft,"It was demonstrated on 18 July 2006 by Hugh Teegan, a Mobile Devices architect at [MASK] focusing on emerging markets, and at Microsoft's Financial Analyst Meeting on 27 July 2006, by Chief Research and Strategy Officer Craig Mundie."
535,Willy Brandt,[X] works for [Y] .,Berlin,"Rut Brandt (10 January 1920 – 28 July 2006) was a Norwegian-born German writer and the wife of the German Chancellor Willy Brandt between 1948 and 1980, including most of his political career as Governing Mayor of [MASK] (1957–1966) and German chancellor (1969–1974)."
538,Arthur Oliver Wheeler,[X] works for [Y] .,Canada,"Arthur Oliver Wheeler (May 1, 1860 – May 20, 1945) was born in Ireland and immigrated to [MASK] in 1876 at the age of 16."
541,Helen Boaden,[X] works for [Y] .,BBC,"Officially it is a part of the [MASK]'s Radio operational division and is directly responsible to Helen Boaden (director of Radio); however, its remit also includes music used in television and online services."
542,Alasdair Milne,[X] works for [Y] .,BBC,"This disappointed Prime Minister Margaret Thatcher, who disliked the television licence and had originally appointed Young believing that, as a Conservative, he would challenge the more left-leaning Director-General of the [MASK], Alasdair Milne."
549,Marissa Mayer,[X] works for [Y] .,Yahoo,"On December 3, 2012 Marissa Mayer announced on Twitter that Benoit Schillings will join [MASK]"
557,Krishna Bharat,[X] works for [Y] .,Google,"Created by Krishna Bharat while he was at Compaq Systems Research Center and George A. Mihăilă University of Toronto, it was acquired by [MASK] in February 2003."
562,Neil Nightingale,[X] works for [Y] .,BBC,"Neil Nightingale (born 6 February 1960) is the creative director of BBC Earth, BBC Worldwide's global brand for all [MASK] natural history content."
565,Bernard Cribbins,[X] works for [Y] .,BBC,"He had earlier featured in the [MASK]'s 1975 Christmas production Great Big Groovy Horse, a rock opera based on the story of the Trojan Horse shown on BBC2 starring Julie Covington, Bernard Cribbins and Paul Jones."
568,Jan Pieterszoon Sweelinck,[X] works for [Y] .,Amsterdam,"From 1970-77, she taught at the Royal Academy in Brussels, and from 1971 to 1988 in the Sweelinck Academy of Music in [MASK]."
575,Eric Maschwitz,[X] works for [Y] .,BBC,"Maschwitz wrote the song under his pen name, Holt Marvell, for Joan Carr for a late-evening revue broadcast by the [MASK]."
576,James Landale,[X] works for [Y] .,BBC,"It was established in 1988 by James Landale, now a senior [MASK] journalist, who studied politics at Bristol."
579,Greg Dyke,[X] works for [Y] .,BBC,"During 2000, the then BBC Director General Greg Dyke ordered a review of political output from [MASK], which was carried out by Fran Unsworth."
582,Fran Unsworth,[X] works for [Y] .,BBC,"During 2000, the then BBC Director General Greg Dyke ordered a review of political output from [MASK], which was carried out by Fran Unsworth."
583,Gene Amdahl,[X] works for [Y] .,IBM,"Gene Myron Amdahl (November 16, 1922 – November 10, 2015) was an American computer architect and high-tech entrepreneur, chiefly known for his work on mainframe computers at [MASK] and later his own companies, especially Amdahl Corporation."
588,Geert Hofstede,[X] works for [Y] .,IBM,"Gerard Hendrik (Geert) Hofstede (born 2 October 1928 in Haarlem) is a Dutch social psychologist, former [MASK] employee, and Professor Emeritus of Organizational Anthropology and International Management at Maastricht University in the Netherlands, well known for his pioneering research on cross-cultural groups and organizations."
591,William Rees-Mogg,[X] works for [Y] .,BBC,"The [MASK] feared Whitehouse would initiate litigation for the use of her name in the show's title, and for a period the alternative title The William Rees-Mogg Experience was considered."
592,Terry Nation,[X] works for [Y] .,BBC,"Survivors is a British post-apocalyptic fiction drama television series created by Terry Nation and produced by Terence Dudley at the [MASK], that broadcast from 1975 to 1977."
599,Sue Lawley,[X] works for [Y] .,BBC,"The election was broadcast live on the [MASK], and was presented by David Butler, Alastair Burnet, Robert McKenzie, Robin Day and Sue Lawley."
601,Andrew Gilligan,[X] works for [Y] .,BBC,He came to public attention in July 2003 when an unauthorised discussion he had off the record with [MASK] journalist Andrew Gilligan about the British government's dossier on weapons of mass destruction in Iraq was cited by Gilligan and led to a major controversy.
605,Keith Olbermann,[X] works for [Y] .,ESPN,"From 2013 to 2015, Olbermann returned to [MASK] to host a late-night show, Olbermann."
617,Peter O'Sullevan,[X] works for [Y] .,BBC,"Sir Peter O'Sullevan CBE (3 March 1918 – 29 July 2015) was a British horse racing commentator for the [MASK], and a correspondent for the Press Association, Daily Express and Today."
620,Heather Cox,[X] works for [Y] .,ESPN,"Heather Cox (born Heather Schoeny on June 3, 1970) is an American sportscaster who is a sideline reporter for WNBA, NBA, college basketball and college football games on [MASK], ESPN2 and ABC Sports."
622,Graeme MacDonald,[X] works for [Y] .,BBC,"During this time McDougall got the opportunity to work with talented and influential producers such as Graeme Macdonald, who later became overall Head Of Drama at the [MASK] in the 1980s."
623,George Bodenheimer,[X] works for [Y] .,ESPN,"George Bodenheimer (born May 6, 1958) is the former president of [MASK]"
626,"James Thomas Aubrey, Jr.",[X] works for [Y] .,CBS,"According to Susann biographer Barbara Seaman, the character is based in part on one-time [MASK] president Jim Aubrey---whose own ruthlessness and scandalous private life led to his own downfall---and in part on Susann's father, who shared Robin Stone's initials."
629,Greta Van Susteren,[X] works for [Y] .,CNN,"A former [MASK] legal correspondent and anchor, Cossack was co-host of the award-winning legal issues program Burden of Proof with Greta Van Susteren."
632,Steve Phillips,[X] works for [Y] .,ESPN,The program is hosted by GameNight personality Ryen Russillo (since 2007) and featured former New York Mets GM and former Baseball Tonight analyst Steve Phillips until his firing from [MASK].
633,Rolf Harris,[X] works for [Y] .,BBC,"Star Portraits with Rolf Harris was a [MASK] television series that had three series, the most recent in March 2007."
638,Ginni Rometty,[X] works for [Y] .,IBM,"Ginni Rometty is the president, chairman and CEO of [MASK]."
639,Margarita Luti,[X] works for [Y] .,Raphael,"[citation needed] The subject of the painting appears in another portrait, La Fornarina, and is traditionally identified as the fornarina (bakeress) Margherita Luti, [MASK]'s Roman mistress."
644,Brad Silverberg,[X] works for [Y] .,Microsoft,Brad Silverberg was vice-president of engineering until he left in early 1990 to head up the Personal Systems division at [MASK].
650,Gordon Bell,[X] works for [Y] .,Microsoft,"Gordon Bell, a senior researcher in [MASK]'s Media Presence Research Group, includes a case study on Analytica in his book High-Tech Ventures: The Guide For Entrepreneurial Success."
651,William S. Paley,[X] works for [Y] .,CBS,"Despite hit filmed programs such as I Love Lucy, both William Paley of [MASK] and David Sarnoff of NBC were said to be determined to keep most programming on their networks live."
654,Sid Waddell,[X] works for [Y] .,BBC,Sid Waddell was the lead commentator on the tournament which he would cover for the [MASK] until 1994.
655,Paul Walters,[X] works for [Y] .,BBC,"Paul Walters (15 June 1947 - 21 October 2006) was a [MASK] radio and TV producer, most noted for his work and appearances on Terry Wogan's BBC Radio 2 breakfast show Wake Up to Wogan, where he was known to millions as ""Dr Wally Poultry""."
657,Tim Paterson,[X] works for [Y] .,Microsoft,"The SoftCard was Paul Allen's idea and was developed jointly between Tim Paterson of Seattle Computer Products (SCP) and Bill Gates and Don Burtis of [MASK], after SCP developed the initial prototypes."
660,Adrian Newey,[X] works for [Y] .,McLaren,"The team was adversely affected by the departure of Chief Designer Adrian Newey to [MASK], and Renault's withdrawal from F1 as an engine supplier."
665,Victoria Ocampo,[X] works for [Y] .,Sur,"Villa Ocampo is the former house of Victoria Ocampo (1890 – 1979), one of Argentina's greatest cultural figures, founder and director of [MASK]."
667,Shane McMahon,[X] works for [Y] .,WWE,"She is the wife of Shane McMahon, former Executive Vice President of Global Media for [MASK]."
678,Laurence Tisch,[X] works for [Y] .,CBS,"Upon his accession as Chairman of [MASK], Laurence Tisch closed the CBS labs in 1986, whereupon the FMX intellectual property was spun off to an investment group, under the name Broadcast Technology Partners (BTP)."
681,Mike Wallace,[X] works for [Y] .,CBS,"Tabloid Baby was described by former A Current Affair host Maury Povich as ""The Bible"" (as in ""Burt was there for the birthing of tabloid, he became the heart of the genre, and now he’s written the Bible"") and by veteran [MASK] newsman and 60 Minutes correspondent Mike Wallace as ""sad, funny, undeniably authentic""... telling ""the tale of what befell too much of mainstream television news over the past couple of decades as the bad drove out the good."
688,Andrew Neil,[X] works for [Y] .,BBC,"Following changes to sitting hours in the United Kingdom parliament, and extensive changes to the [MASK]'s line-up of political programmes, Despatch Box was discontinued, and the programme's then regular presenter, Andrew Neil, moved on to present The Daily Politics and This Week."
690,John Motson,[X] works for [Y] .,BBC,"[MASK] commentator John Motson stated it was ""the finest Cup Final I've had the pleasure of commentating on""."
691,Chris Cuomo,[X] works for [Y] .,CNN,"He was the father of five, including Andrew Cuomo, the current Governor of New York, and journalist Chris Cuomo, currently at [MASK]."
696,Shigeru Miyamoto,[X] works for [Y] .,Nintendo,"The game was a collaboration between Retro's staff in Austin, Texas, and Japanese [MASK] employees, including producer Shigeru Miyamoto, who suggested the project after visiting Retro's headquarters in 2000."
716,Gavyn Davies,[X] works for [Y] .,BBC,"The Hutton report cleared the government of wrongdoing, while the [MASK] was strongly criticised, leading to the resignation of the BBC's chairman Gavyn Davies and director-general Greg Dyke."
720,Triple H,[X] works for [Y] .,WWE,"In 1995, Levesque moved to the [MASK] (WWF, now WWE), where he became Hunter Hearst Helmsley and, later, Triple H. In 1997, Triple H co-founded the influential D-Generation X stable, which became a major element of the WWF's ""Attitude Era""."
751,Nathan Myhrvold,[X] works for [Y] .,Microsoft,"The Road Ahead is a book written by Bill Gates, co-founder and then-CEO of the [MASK] software company, together with Microsoft executive Nathan Myhrvold and journalist Peter Rinearson."
753,Brandon Tartikoff,[X] works for [Y] .,NBC,"Brandon Tartikoff (January 13, 1949 – August 27, 1997) was an American television executive who was the president of [MASK] from 1980 to 1991."
762,Klaus Tschira,[X] works for [Y] .,IBM,"He was one of the founders of SAP AG in 1972 with other former [MASK] employees Hans Werner Hector, Klaus Tschira, Claus Wellenreuther and Hasso Plattner."
763,Hasso Plattner,[X] works for [Y] .,IBM,"He was one of the founders of SAP AG in 1972 with other former [MASK] employees Hans Werner Hector, Klaus Tschira, Claus Wellenreuther and Hasso Plattner."
764,William Glock,[X] works for [Y] .,BBC,He wrote in a tonal idiom and suffered under the avant garde musical regime at the [MASK] headed by its Director of Music William Glock and almost ceased composition in the 1960s.
768,Ted Lowe,[X] works for [Y] .,BBC,The [MASK] televised the final again shown on Grandstand and with Ted Lowe commentating the match.
771,John Inverdale,[X] works for [Y] .,BBC,The in-game commentators are John Inverdale from [MASK] & Dewi Morris from Sky Sport.
777,Paul Mayhew-Archer,[X] works for [Y] .,BBC,"Paul Mayhew-Archer (born 6 January 1953) is a British writer, producer and script editor for the [MASK]."
780,Ross Perot,[X] works for [Y] .,IBM,"A former programmer, Barr had worked on everything from microcomputers like the TRS-80 Model I to [MASK] mainframes with acres of DASD, writing code in more than a dozen languages, including RPG II, 370 ALC, COBOL, BASIC, TIBOL, MASM, and C, much of that experience coming in his 13 years with Ross Perot's EDS."
781,Tim Cook,[X] works for [Y] .,Apple,"Tim Cook revealed at the Apple Watch conference on March 9, 2015, that [MASK] had sold a total of 700 million iPhones to date."
802,Robert Peston,[X] works for [Y] .,BBC,"The Editors' Committee comprises Martin Dickson, Deputy Editor of the Financial Times; Robert Peston, Business Editor at the [MASK]; Hugo Dixon, Editor-in-Chief and Chairman of breakingviews; Jesse Lewis, Managing Editor of The Wall Street Journal Europe; and Rik Kirkland, former Managing Editor of Fortune."
804,Bob Wallace,[X] works for [Y] .,Microsoft,"Bob Wallace (May 29, 1949 – September 20, 2002) was the ninth [MASK] employee, first popular user of the term shareware, creator of the word processing program PC-Write, founder of the software company Quicksoft and an ""online drug guru"" who devoted much time and money into the research of psychedelic drugs."
807,Mal Young,[X] works for [Y] .,BBC,"The show was created by Mal Young and Tony McHale as a spin–off from the [MASK] medical drama Casualty, intended to follow the treatment of patients from Casualty as they were transferred onto the hospital's surgical wards."
808,Armando Iannucci,[X] works for [Y] .,BBC,"""Window"" appears in the 2009 [MASK] documentary, Armando Iannucci in Milton's Heaven and Hell."
810,Spencer Kelly,[X] works for [Y] .,BBC,"Graham-Smith is also a co-presenter of the Open University's 2010 introduction to computing module, entitled ""Inside the Box"", alongside the [MASK]'s Spencer Kelly."
814,David Coleman,[X] works for [Y] .,BBC,"[MASK] commentator David Coleman said that Newcastle's defence had been ""undressed"" by Liverpool."
815,Matthew Pinsent,[X] works for [Y] .,BBC,"Gold Fever was the name of a [MASK] documentary, shown in August 2000, which followed Steve Redgrave and his British rowing coxless four teammates Matthew Pinsent, Tim Foster and James Cracknell in the years leading up to the Sydney Olympics, where Redgrave was looking to claim his fifth consecutive gold medal."
816,Alexey Pajitnov,[X] works for [Y] .,Microsoft,"Pandora's Box is a 1999 video game created by the designer of Tetris, Alexey Pajitnov, for [MASK]."
817,Jimmy Hill,[X] works for [Y] .,BBC,"[MASK] commentator Jimmy Hill described Igna's decision to ignore the foul by Carlos as ""an extreme mistake""."
818,Chris Bangle,[X] works for [Y] .,BMW,"It was designed by Chris Bangle, who was promoted to Director of [MASK] Design."
823,Ned Sherrin,[X] works for [Y] .,BBC,"Not So Much a Programme, More a Way of Life is a BBC-TV satire programme produced by Ned Sherrin, which aired during the winter of 1964–1965, in an attempt to continue and improve on the successful formula of his That Was the Week That Was (known informally as TW3), which had been taken off by the [MASK] because of the coming General Election."
825,Leslie Grantham,[X] works for [Y] .,BBC,"Dennis Alan ""Den"" Watts is a fictional character from the [MASK] soap opera EastEnders, played by actor Leslie Grantham."
826,"Margaret Jay, Baroness Jay of Paddington",[X] works for [Y] .,BBC,"Margaret Ann Jay, Baroness Jay of Paddington, PC (née Callaghan; born 18 November 1939) is a British politician for the Labour Party and former [MASK] television producer and presenter."
828,Peter Simon Pallas,[X] works for [Y] .,Russia,The spectacled cormorant or Pallas's cormorant (Phalacrocorax perspicillatus) is an extinct marine bird of the cormorant family of seabirds that inhabited Bering Island and possibly other places in the Komandorski Islands and the nearby coast of Kamchatka in the far northeast of [MASK].
831,Jonathan Pearce,[X] works for [Y] .,BBC,"On 3 February 2016, [MASK] Press Office confirmed via Twitter that Dara Ó Briain will host the new series, with Angela Scanlon serving as pit reporter and Jonathan Pearce returning as commentator."
835,George Entwistle,[X] works for [Y] .,BBC,"The broadcasting of false allegations on Newsnight on 2 November led to the resignation of the Director-General of the [MASK], George Entwistle, eight days later."
838,Hairy Bikers,[X] works for [Y] .,BBC,"The Hairy Bikers' Cookbook (renamed The Hairy Bikers Ride Again for the third series and The Hairy Bakers for the fourth series) is a [MASK] television cookery and travel programme, that has so far run for four series and a Christmas special."
840,Samuel J. Palmisano,[X] works for [Y] .,IBM,"The globally integrated enterprise is a term coined in 2006 by Sam Palmisano, the then CEO of [MASK] Corp, used to denote ""a company that fashions its strategy, its management, and its operations in pursuit of a new goal: the integration of production and value delivery worldwide."""
841,Heinrich Daniel Ruhmkorff,[X] works for [Y] .,Paris,He bought the Ruhmkorff workshops in [MASK] when Heinrich Daniel Ruhmkorff died and made it a successful business for building electrical and magnetical devices.
843,UNESCO Goodwill Ambassador,[X] works for [Y] .,UNESCO,"This category of advocate is intended to heighten public awareness in addition to the categories UNESCO Goodwill Ambassador, UNESCO Special Envoy and [MASK] Champion for Sport."
846,Sarah Montague,[X] works for [Y] .,BBC,"Sarah, Lady Brooke - the spouse of Sir Christopher, the current holder - is better known as Sarah Montague, the well-known [MASK] radio, and occasionally television, journalist."
848,"Paul Wilson, Baron Wilson of High Wray",[X] works for [Y] .,BBC,"Paul Norman Wilson, Baron Wilson of High Wray OBE DSC KStJ (24 October 1908 – 24 February 1980) was a British engineer, Lord Lieutenant of Westmorland (1965 to 1974) and of Cumbria (1974 to 1980) and Governor of the [MASK]."
850,Hugh Greene,[X] works for [Y] .,BBC,"The Rivals of Sherlock Holmes took its inspiration – and title – from a series of published anthologies by Hugh Greene, elder brother of author Graham Greene and the former director-general of the [MASK]."
856,Sean Fletcher,[X] works for [Y] .,BBC,"Sean Fletcher (born 20 April 1974) is an American-British journalist and radio broadcast personality, best known for his work with ITV and [MASK]."
858,Phillip Schofield,[X] works for [Y] .,BBC,"The song was released as a single by former [MASK] children's TV anchor Phillip Schofield in 1992, when he played the role of Joseph in the London Palladium production, with ""Any Dream Will Do"" as a B-side."
859,Stephen Fry,[X] works for [Y] .,BBC,In 2016 she will take over from Stephen Fry as host of the popular [MASK] television quiz show QI.
869,Jim Allchin,[X] works for [Y] .,Microsoft,"James Allchin, who later worked as Group Vice President for Platforms at [MASK] until his retirement on January 30, 2007, was the chief architect of Banyan VINES."
875,Selina Scott,[X] works for [Y] .,BBC,"He is best known as the former host of [MASK] sports and current affairs shows including Grandstand, Nationwide and Breakfast Time, which he launched alongside Selina Scott and Nick Ross."
877,Nick Ross,[X] works for [Y] .,BBC,"He is best known as the former host of [MASK] sports and current affairs shows including Grandstand, Nationwide and Breakfast Time, which he launched alongside Selina Scott and Nick Ross."
879,"John Reith, 1st Baron Reith",[X] works for [Y] .,BBC,"It was the world's first broadcast listings magazine when it was founded in 1923 by John Reith, the then general manager of the [MASK]."
884,Griff Rhys Jones,[X] works for [Y] .,BBC,"The series was set in the late 1940s and early 1950s, and starred Martin Clunes and Griff Rhys Jones as two ex-army friends who decide to try to form an entertainment act, with the aim of getting work on [MASK] radio."
886,Gilbert Harding,[X] works for [Y] .,BBC,"He also became the chairman of the very long running popular [MASK] radio panel game Twenty Questions from 1970 to 1972, following in the steps of fellow distinguished broadcasters Gilbert Harding, Richard Dimbleby, and Kenneth Horne."
887,Keith Fordyce,[X] works for [Y] .,BBC,His first job in [MASK] radio was producing the Keith Fordyce Show for regional stations in the Westcountry.
888,Glenn Greenwald,[X] works for [Y] .,Salon,"Evil Mentality Destroyed the Bush Presidency is a New York Times bestselling book by author, attorney, blogger, and [MASK] columnist Glenn Greenwald published on June 26, 2007, by Crown Publishing Group, a division of Random House."
889,Gilles Peterson,[X] works for [Y] .,BBC,The most recent was presented in January 2012 by the [MASK] radio personality Gilles Peterson at the Worldwide Awards Show in London.
892,Peter M. Bowers,[X] works for [Y] .,Boeing,It was designed by famed aircraft designer and [MASK] historian Peter Bowers.
894,Carl Kasell,[X] works for [Y] .,NPR,"Carl Kasell (/ˈkæsəl/; born April 2, 1934) is an American radio personality, most widely known as a newscaster for [MASK] and as the former official judge and scorekeeper of the weekly news quiz show Wait Wait... Don't Tell Me!"
896,Rageh Omaar,[X] works for [Y] .,BBC,"Upon praying in the tunnel at its re-opening, Rageh Omaar of the [MASK] prayed on the same prayer mat as Ahmadinejad at the same time."
898,"John Birt, Baron Birt",[X] works for [Y] .,BBC,"Birt (now Lord Birt), later Director-General of the [MASK], had the creative idea of combining Directors who had no real current affairs background, but were known for their creative and innovative film/video skills, with strong reporters and presenters recruited from national newspapers."
904,Leslie Moonves,[X] works for [Y] .,CBS,Edelstein began his career in episodic television working for Leslie Moonves at [MASK] as Director of Current Programmes.
912,Thomas J. Watson,[X] works for [Y] .,IBM,"president, and Thomas Watson, founder of [MASK]."
914,Dan Le Batard,[X] works for [Y] .,ESPN,"The station lineup includes Mike and Mike in the Morning, The Herd with Colin Cowherd, Scott Van Pelt, Three and Out,Dan Le Batard, The Paul Finebaum Show, [MASK] Game Night, and Sports Overnight America, in addition to the Atlanta Braves programming."
918,Simon Brotherton,[X] works for [Y] .,BBC,"Simon Brotherton is a sports commentator for the [MASK], appearing on Match of the Day and BBC Radio Five Live."
920,Carlos Ghosn,[X] works for [Y] .,Renault,"He is also Senior Advisor to RNBV, the [MASK] and Nissan Alliance, working closely with the CEO, Carlos Ghosn."
924,Ptolemy,[X] works for [Y] .,Alexandria,"Formerly assumed to be identical with the [MASK] grammarian and lexicographer Didymus Chalcenterus, because Ptolemy and Porphyry referred to him as Didymus ho mousikos (the musician), classical scholars now believe that this Didymus was a younger grammarian and musician working in Rome at the time of Nero (Richter 2001)."
938,Aled Jones,[X] works for [Y] .,BBC,"Aled Jones MBE (born 29 December 1970) is a Welsh singer best known for his television work with [MASK] and ITV as well as his radio work, mainly for BBC Radio Wales and Classic FM."
941,Helen Fospero,[X] works for [Y] .,BBC,"Helen Fospero (born 30 August 1966) is a British television presenter and journalist, best known for her presenting roles on shows such as GMTV, Daybreak and Lorraine She is currently working as a reporter for Watchdog and The One Show for the [MASK]."
943,Jo Brand,[X] works for [Y] .,BBC,"Rochefort is also script consultant on [MASK] 4's award winning comedy 'Getting On' starring Jo Brand, Vicky Pepperdine and Jo Scanlan, as well as the more recent 'Puppy Love' also starring Scanlan and Pepperdine."
944,Ian Messiter,[X] works for [Y] .,BBC,The [MASK] received requests from school teachers and lecturers for transcripts of Ian Messiter's pieces as a fun way of teaching educational subjects to students.
946,Leonard Miall,[X] works for [Y] .,BBC,"Rowland Leonard Miall (6 November 1914 – 24 February 2005) was a broadcaster and administrator at the [MASK] for 35 years, from 1939 to 1974."
948,Scott Mills,[X] works for [Y] .,BBC,The Spencer & Hill remix of the track was featured on Friday Floor Fillers with Scott Mills on [MASK]'s Radio 1.
949,Sundar Pichai,[X] works for [Y] .,Google,"He was replaced by Sundar Pichai, who now serves as [MASK]'s CEO."
954,Michael Checkland,[X] works for [Y] .,BBC,"The forced departure of Director-General Alasdair Milne following pressure from the Thatcher government required someone at the top, preferably from outside the [MASK], with editorial and production experience (Milne had been summarily replaced by Michael Checkland, an accountant)."
957,David M. Thompson,[X] works for [Y] .,BBC,David Thompson's two-part [MASK] documentary on the films of Jean Renoir in 1993 led to him editing (with Lorraine LoBianco) an anthology of the director's letters for Faber (1994).
959,Jane Tranter,[X] works for [Y] .,BBC,"A recent re-structure of the division has seen it re-integrated into the main [MASK] Fiction department of BBC Vision, under the ultimate control of Jane Tranter."
963,Angela Ahrendts,[X] works for [Y] .,Apple,"Angela Ahrendts, DBE (born June 7, 1960) is an American businesswoman and the senior vice president of retail and online stores at [MASK]"
965,Ian Hickson,[X] works for [Y] .,Google,"Since then, the editor of the WHATWG specifications, Ian Hickson, has moved to [MASK]."
967,Mark Kermode,[X] works for [Y] .,BBC,"The band includes film critic and [MASK] television presenter Mark Kermode, along with Mike and Alex Hammond and Aly Hirji."
970,Steve Claridge,[X] works for [Y] .,BBC,"He returned to Weymouth to play under Steve Claridge, whilst the [MASK] show Football Diaries was shown."
971,Ed Logg,[X] works for [Y] .,Atari,"Lyle Rains was a senior executive at the arcade game company [MASK] and is sometimes, with Ed Logg, listed as a co-developer of the video game Asteroids."
972,Douglas Adams,[X] works for [Y] .,BBC,"Last Chance to See is a 1989 [MASK] radio documentary series and its accompanying book, written and presented by Douglas Adams and Mark Carwardine."
978,Ray Ozzie,[X] works for [Y] .,Microsoft,"Groove was initially developed by Lotus Notes creator Ray Ozzie, and developed by Groove Networks of Beverly, Massachusetts, until [MASK]'s acquisition of Groove Networks in March 2005."
981,Mike Harrington,[X] works for [Y] .,Microsoft,"by former [MASK] employees Gabe Newell and Mike Harrington, the company has developed the critically acclaimed Half-Life, Counter-Strike, Portal, Day of Defeat, Team Fortress, Left 4 Dead video game series, alongside Dota 2."
983,Paddy Lowe,[X] works for [Y] .,Mercedes,Paddy Lowe (born 8 April 1962) is a British motor racing engineer and Executive Director (Technical) of [MASK].
986,James Naughtie,[X] works for [Y] .,BBC,"More recently, [MASK] radio presenter James Naughtie was born and brought up in the village."
987,Nina Tassler,[X] works for [Y] .,CBS,"Nina Tassler is an American television executive, a graduate of Boston University (bachelor of fine arts in theater), and has held the position of President of [MASK] since September 2004."
992,Wynford Vaughan-Thomas,[X] works for [Y] .,BBC,"It was adapted from the book Anzio by Wynford Vaughan-Thomas, who had been the [MASK] war correspondent at the battle."
995,Jackie Fullerton,[X] works for [Y] .,BBC,Jackie Fullerton became main commentator in 1993 whenever he moved to [MASK] NI from UTV with Mark Robson going in the opposite direction.
996,Lena Yada,[X] works for [Y] .,WWE,"Lena Yada (born November 12, 1978) is an American model, actress and professional tandem surfer who is known for her time in [MASK] as a backstage interviewer, valet, professional wrestler and WWE Diva on its ECW Brand."
1000,Paul Otellini,[X] works for [Y] .,Intel,"He was one of four executive vice presidents reporting to the then CEO, Paul Otellini, and many industry insiders believed he could have eventually taken the helm as [MASK] CEO."
1003,David Hatch,[X] works for [Y] .,BBC,"Most editions are now thought lost though parts of one were broadcast on BBC 7, picked by late [MASK] producer David Hatch as one of his favourite programmes."
1005,"Jack Pease, 1st Baron Gainford",[X] works for [Y] .,BBC,"In the 1930s, he designed the 'Galleon Wing' extension to Said House, Chiswick Mall for Sir Nigel Playfair incorporating a huge curved plate-glass window for the first floor Drawing Room (the location for Series One of the [MASK] reality programme The Apprentice) and, presumably through his step-daughter Veronica Pease's father-in-law Lord Gainford, a cousin of Beaumont Pease and first chairman of the BBC, Studio 3A at Broadcasting House."
1007,Jim Blinn,[X] works for [Y] .,Microsoft,"Many of the original CGL team now forms the elite of the CG and computer world with members going on to Silicon Graphics, [MASK], Cisco, NVIDIA and others, including Pixar President Ed Catmull, Pixar co-founder and Microsoft Graphics Fellow Alvy Ray Smith, Pixar co-founder Ralph Guggenheim, Walt Disney Animation Studios Chief Scientist Lance Williams, DreamWorks Animator Hank Grebe, Netscape and Silicon Graphics founder Jim Clark (James H. Clark), Microsoft Graphics Fellow Jim Blinn, Thad Beier, Oscar- and Bafta nominee Jacques Stroweis, Andrew Glassner and Tom Brigham."
1010,Mark Byford,[X] works for [Y] .,BBC,Mark Byford (born 13 June 1958) was Deputy Director General of the [MASK] and head of BBC Journalism from 2004–2011.
1014,Ian Jacob,[X] works for [Y] .,BBC,"Lieutenant General Sir Edward Ian Claud Jacob GBE, CB (27 September 1899 – 24 April 1993), known as Ian Jacob, was a British Army officer, who served as the Military Assistant Secretary to Winston Churchill's war cabinet and was later a distinguished broadcasting executive, serving as the Director-General of the [MASK] from 1952 to 1959."
1017,Hubert Gregg,[X] works for [Y] .,BBC,"Hubert Gregg (14 July 1914 – 30 March 2004) was a [MASK] broadcaster, writer and stage actor."
1019,Emma Willis,[X] works for [Y] .,BBC,"Emma Willis (née Griffiths; born 18 March 1976) is an English television presenter and former model, best known for her television and radio work with Channel 5, [MASK], ITV and Heart FM."
1022,Stephen Mulhern,[X] works for [Y] .,Heart,She also hosts the Sunday breakfast show on [MASK] with Stephen Mulhern.
1023,Cedric Messina,[X] works for [Y] .,BBC,"Cedric Messina (14 December 1920 in Port Elizabeth, South Africa — 30 April 1993 in London) was a South-African born British television producer and director who worked for the [MASK] and is best remembered for his involvement in television productions of classic drama."
1025,Adam Parsons,[X] works for [Y] .,BBC,"Adam Parsons (born 15 July 1970 in London) is an English television and radio presenter, working mainly for the [MASK]."
1027,Charles P. de Saint-Aignan,[X] works for [Y] .,IBM,"Charles P. de Saint-Aignan (born 16 February 1977, Paris) is an American software engineer who works for [MASK] on the IBM Watson project."
1029,Gavin Esler,[X] works for [Y] .,BBC,"The programme is fronted by BBC News at Ten presenter Huw Edwards the [MASK]'s lead presenter for major breaking news from Monday to Thursday, Gavin Esler on Friday and various presenters on Saturday–Sunday."
1030,Andy Kershaw,[X] works for [Y] .,BBC,"He became known for his regular performances on [MASK] radio, and in particular his numerous sessions recorded for John Peel's influential radio programme, and later for Andy Kershaw's programme."
1034,Hans Peter Luhn,[X] works for [Y] .,IBM,It was created by [MASK] scientist Hans Peter Luhn and described in U.S.
1037,Michael Grade,[X] works for [Y] .,BBC,"The idea for the serial stemmed from several production changes to Doctor Who, such as reduced screen time for the season and a request from [MASK] controller Michael Grade that the series contain less violence and more humour."
1044,Sue Barker,[X] works for [Y] .,BBC,"Lynam fronted Wimbledon coverage on [MASK] television between 1991 to 1999, after that year’s Wimbledon, he moved to ITV and was replaced from 2000 by Sue Barker who continues to front Wimbledon coverage on BBC television to his day."
1046,Nina Easton,[X] works for [Y] .,Fortune,"Russell Schriefer is married to Nina Easton, Washington Editor at [MASK] and a commentator on the Fox News Channel."
1047,Guido van Rossum,[X] works for [Y] .,Google,Rietveld is a web-based collaborative code review tool for Subversion written by Guido van Rossum to run on [MASK]'s cloud service.
1048,John Howard Davies,[X] works for [Y] .,BBC,His eldest son John Howard Davies was a successful child actor and [MASK] television executive.
1049,Esther Rantzen,[X] works for [Y] .,BBC,"Dame Esther Louise Rantzen DBE (born 22 June 1940) is an English journalist and television presenter, best known for presenting the hit [MASK] television series That's Life!"
1052,Martin Sixsmith,[X] works for [Y] .,BBC,"Martin Sixsmith (born 24 September 1954) is a British author and radio/television presenter, primarily working for the [MASK]."
1055,Philip Jenkinson,[X] works for [Y] .,BBC,"Philip Jenkinson (17 August 1935 – 11 March 2012) was an English cinema specialist, journalist, [MASK] television presenter and film collector."
1057,Phil Knight,[X] works for [Y] .,Nike,"The company was founded on January 25, 1964, as Blue Ribbon Sports, by Bill Bowerman and Phil Knight, and officially became [MASK]"
1059,Harry Carpenter,[X] works for [Y] .,BBC,"Moving into freelance commentating in 1993, he became [MASK] Network Boxing Commentator, succeeding Harry Carpenter."
1060,Ian Bartlett,[X] works for [Y] .,BBC,Ian Bartlett is a horse racing commentator and occasionally was an analyst for the [MASK].
1063,Clare Balding,[X] works for [Y] .,BBC,"He also joined Mick Fitzgerald, Clare Balding and Rishi Persad in moving from the [MASK] to Channel 4."
1066,Mike Cowlishaw,[X] works for [Y] .,IBM,It was written by Mike Cowlishaw of [MASK] around 1985.
1068,Peter Bromley,[X] works for [Y] .,BBC,"From June 2001 for two years he was the [MASK]'s full-time radio horse racing commentator, succeeding Peter Bromley."
1070,Vincent Connare,[X] works for [Y] .,Microsoft,"Comic Sans MS, commonly referred to as Comic Sans, is a sans-serif casual script typeface designed by Vincent Connare and released in 1994 by [MASK]."
1074,John Craven,[X] works for [Y] .,BBC,"Newsround (originally called John Craven's Newsround, before his departure in 1989) is a [MASK] children's news programme, which has run continuously since 4 April 1972."
1075,Paul Dickenson,[X] works for [Y] .,BBC,"Bryce was a [MASK] commentator at the Winter Olympics in Turin 2006 and Vancouver 2010, working alongside Paul Dickenson."
1076,Mark Lawrenson,[X] works for [Y] .,BBC,"On each occasion he was joined in studio by [MASK] television analyst and former Republic of Ireland international footballer, Mark Lawrenson."
1078,Susan Stamberg,[X] works for [Y] .,NPR,"[MASK] personalities including Scott Simon, Liane Hansen, Steve Inskeep, Renée Montagne, Frank Deford, Susan Stamberg, and Noah Adams also conducted National Day of Listening interviews and broadcast them on the air."
1081,John Fellows Akers,[X] works for [Y] .,IBM,"In May 1989, Kuehler became [MASK] President when John Fellows Akers relinquished that title; Akers continued to serve as Chairman and CEO of IBM."
1086,Laura Trevelyan,[X] works for [Y] .,BBC,Laura Trevelyan (born 21 August 1968) is a [MASK] anchor/correspondent based in New York City.
1088,Pete Atkin,[X] works for [Y] .,BBC,"Christopher Lee (born 1941) is a British writer, historian and broadcaster, best known for writing the radio documentary series This Sceptred Isle for the [MASK] read by the late Anna Massey and directed by Pete Atkin."
1089,Louis V. Gerstner,[X] works for [Y] .,IBM,"A protégé of Lou Gerstner, Thoman was serving as Senior Vice President and CFO of [MASK], and before that as Senior Vice President and general manager of IBM's Personal Systems Group which he led a successful turnaround."
1095,Eddie Jordan,[X] works for [Y] .,BBC,"Acknowledging his previous remarks live on the [MASK] after the race, Eddie Jordan expressed his amazement at how McLaren had managed to turn the car into a race winner."
1096,Holly Rowe,[X] works for [Y] .,ESPN,"Holly Rowe is a sports telecaster currently working for the sports television network, [MASK]."
1099,Sue MacGregor,[X] works for [Y] .,BBC,"During his time with Raine, Rossiter had an affair with the [MASK] broadcaster Sue MacGregor which Raine was unaware of until after Rossiter's death in 1984."
1100,Adrian van Hooydonk,[X] works for [Y] .,BMW,"Adrian van Hooydonk (born 21 June 1964 in Echt, Limburg), is a Dutch automobile designer, best known for several modern [MASK] concept cars and production vehicles."
1103,John Rabe,[X] works for [Y] .,Siemens,"John Rabe, former [MASK] China Representative and Chairman of the International Committee for the Nanking Safety Zone, resided there from 1932 to 1938."
1104,Anna Wintour,[X] works for [Y] .,Vogue,"Charles Vere Wintour, CBE, MBE (Mil) (18 May 1917 – 4 November 1999), was a British newspaper editor and was the father of editor-in-chief of [MASK], Anna Wintour, and the Political Editor of The Guardian newspaper, Patrick Wintour."
1109,Scott Forstall,[X] works for [Y] .,Apple,"[MASK] announced the service on June 9, 2008 with a stated release for that September; however, as stated by Scott Forstall at the iOS 3.0 preview event on March 17, 2009, the rollout was delayed after a decision to restructure the APNs for scalability purposes due to the allegedly ""overwhelming"" response to the announcement of the APNs."
1111,Simon Brett,[X] works for [Y] .,BBC,"The series had three producers, announced as ""Simon Brett of Stepney"", ""John Lloyd of Europe"", and ""David 'Hatch of the [MASK]' Hatch""."
1113,Michaela Pereira,[X] works for [Y] .,CNN,"Bolduan was previously a co-anchor for the [MASK] program New Day, with co-hosts Chris Cuomo and Michaela Pereira."
1115,Mathew Horne,[X] works for [Y] .,BBC,"Horne & Corden is a British sketch show written by, and starring, Mathew Horne and James Corden (Gavin and Stacey) and aired on [MASK] television."
1116,Kate Adie,[X] works for [Y] .,BBC,"[MASK] journalists Jeremy Paxman, Kate Adie and Des Lynam started their careers at BBC Brighton."
1118,Des Lynam,[X] works for [Y] .,BBC,"[MASK] journalists Jeremy Paxman, Kate Adie and Des Lynam started their careers at BBC Brighton."
1121,Irina Bokova,[X] works for [Y] .,UNESCO,"On 15 October 2009, the 35th session of the General Conference elected Irina Bokova of Bulgaria as the tenth Director-General of [MASK]."
1127,Angela Rippon,[X] works for [Y] .,BBC,"She remained the only woman to have read the national news on [MASK] TV until 1975, when Angela Rippon began a much longer spell as a newsreader."
1128,Mihir Bose,[X] works for [Y] .,BBC,This was performed live with the [MASK] Correspondent Mihir Bose live in the museum.
1130,John Zachman,[X] works for [Y] .,IBM,"The framework is named after its creator John Zachman, who first developed the concept in the 1980s at [MASK]."
1131,Alan Sugar,[X] works for [Y] .,BBC,"Unlike previous series which began in March, the series was postponed by the [MASK] to Autumn that year, so as to avoid raising any conflicting issues with the 2010 General Election being held that month and Lord Sugar's ties to the government at the time."
1133,Barbara Sleigh,[X] works for [Y] .,BBC,"Barbara Sleigh was also employed on Children's Hour at the time, but she had to resign due to a [MASK] policy against married couples working in the same department."
1134,Beth Phoenix,[X] works for [Y] .,WWE,"The third of these matches held was composed of Mickie James, WWE Divas Champion Melina, Gail Kim, Kelly Kelly, and Eve Torres getting a win over that of [MASK] Women's Champion Michelle McCool, Beth Phoenix, Jillian Hall, Alicia Fox, and Layla."
1136,Frank Gillard,[X] works for [Y] .,BBC,"Frank Gillard CBE (1 December 1909 – 20 October 1998) was a [MASK] executive, reporter and radio innovator."
1139,Larry Hryb,[X] works for [Y] .,Microsoft,"He frequently represented [MASK] and Xbox Live in various media, including on Larry Hryb's ""Major Nelson Radio"" Xbox-related podcast, to discuss security and policy issues."
1145,Denis Johnston,[X] works for [Y] .,BBC,The work uses an English libretto by Denis Johnston who derived the libretto from the book of the same title he wrote based on his experiences as a [MASK] radio reporter during World War II.
1146,Adam Schefter,[X] works for [Y] .,ESPN,"He replaced Adam Schefter, who left for [MASK]."
1147,Graham John Hills,[X] works for [Y] .,BBC,"Sir Graham Hills, FRSE (9 April 1926 – 9 February 2014) was a physical chemist, who was Principal of the University of Strathclyde and a Governor of the [MASK]."
1149,Jon Ronson,[X] works for [Y] .,BBC,"In a 2004 interview with [MASK] journalist Jon Ronson, Savelli claimed the ability to kill goats and hamsters with the force of his thoughts, however science writer Michael Shermer found no evidence to support Savelli's claims."
1150,Rob Pike,[X] works for [Y] .,Google,"Go (often referred to as golang) is an open source programming language developed at [MASK] in 2007 by Robert Griesemer, Rob Pike, and Ken Thompson."
1152,Ed Fries,[X] works for [Y] .,Microsoft,"The game was initially backed by [MASK]'s Ed Fries as a premiere title for the original Xbox console, but several internal and external issues led to difficulties for Double Fine in meeting various milestones and responding to testing feedback; following Fries' departure in 2004, Microsoft dropped the publishing rights."
1156,Alain de Cadenet,[X] works for [Y] .,ESPN,Alain de Cadenet (born 27 November 1945 in London) is a television presenter for the Speed Channel and [MASK].
1158,Bud Tribble,[X] works for [Y] .,Apple,"Reality distortion field (RDF) is a term coined by Bud Tribble at [MASK] in 1981, to describe company co-founder Steve Jobs' charisma and its effects on the developers working on the Macintosh project."
1159,Lyse Doucet,[X] works for [Y] .,BBC,She is the sister of [MASK] journalist Lyse Doucet.
1160,Jef Raskin,[X] works for [Y] .,Apple,"He later joined [MASK] as employee 15 and in 1978 became executive vice president of engineering, working directly with Steve Jobs and Jef Raskin on the Macintosh project."
1163,Dennis Taylor,[X] works for [Y] .,BBC,"In 2005, Hannah appeared as a professional dancer in the third series of the British [MASK] TV talent show Strictly Come Dancing, partnered with former snooker world champion Dennis Taylor."
1166,Michael Portillo,[X] works for [Y] .,BBC,Great British Railway Journeys is a [MASK] travel documentary series presented by Michael Portillo.
1167,Gary Lineker,[X] works for [Y] .,BBC,"They are active members of and are supported by Tourism Ireland, Failte Ireland, Invest Northern Ireland and Belfast Visitor Convention Bureau and have been featured on a number of overseas travel and tourism television programmes including the [MASK] Northern Exposure starring Gary Lineker."
1168,Cokie Roberts,[X] works for [Y] .,NPR,"After Farai left for News & Notes on [MASK], Rebecca Roberts, daughter of NPR correspondent Cokie Roberts, hosted along with former CBC host Mary Ambrose."
1170,David Dickinson,[X] works for [Y] .,BBC,"It also parodies many real people and cultural artifacts such as: Rupert Murdoch, Barbara Dickson, Radiohead, Virginia Bottomley, The Doctor, Douglas Hogg, Darth Vader, James Bond, Bill Clinton, Paul Daniels, Martin Amis, Bullitt, the [MASK], Genghis Khan, The Guardian and its journalists, The Queen, ET, David Starkey, George Orwell, Alan Bennett, David Mitchell, Harold Pinter, British tabloids, Lost in Translation, Sir Isaac Newton, Helen Keller, Dannii Minogue, Robert Webb, Marilyn Monroe, Outbreak, David Beckham, Hitler, Paul McKenna, David Dickinson, Schindler's List, Primo Levi, Charlie Chaplin, David Caruso, The Mighty Boosh, William Shakespeare, The Blairs, David Morgan[disambiguation needed], Michael Sheen, Sting, Umberto Eco, Florence Nightingale, Margaret Thatcher, Charlemagne, T. S. Eliot, Peter Mandelson, Keith Harris and James Blunt."
1171,Jim McGrath,[X] works for [Y] .,BBC,"Following a decision by the [MASK] to add a fourth commentator to their Grand National team, Owen joined Jim McGrath, Ian Bartlett and Tony O'Hehir for the 2004 running of the Aintree spectacular - taking the field from Valentine's Brook to the Melling Road."
1172,Chris Bangle,[X] works for [Y] .,Fiat,"The body was designed by Chris Bangle from Centro Stile [MASK], while the interior was designed by Pininfarina."
1173,Hugh Darwen,[X] works for [Y] .,IBM,"Hugh Darwen is a computer scientist who was an employee of [MASK] United Kingdom from 1967 to 2004, and has been involved in the history of the relational model."
1175,Huw Wheldon,[X] works for [Y] .,BBC,In 1962 he made High Festival In Siena about the summer music school at the Accademia Musicale Chigiana in Siena for BBC Radio Three and was subsequently invited by Huw Weldon to make films for the [MASK].
1177,Verity Lambert,[X] works for [Y] .,BBC,"Brown enlisted the producer Verity Lambert in the project she and Mackenzie were devising to dramatise the struggle for women's suffrage, and the three women presented the idea to the [MASK], which gave approval for the series."
1178,Carlos Ghosn,[X] works for [Y] .,Nissan,"Reporting directly to [MASK]'s President and CEO, Carlos Ghosn, Palmer shared the chief operating officer role with two Nissan executives."
1186,Dennis Hwang,[X] works for [Y] .,Google,"Since 2000, Dennis Hwang, now [MASK]'s international webmaster, has been designing the Google Doodles, but designing the Doodles is only about 20 percent of his job."
1187,Shinichiro Sakurai,[X] works for [Y] .,Nissan,"Shinichiro Sakurai (桜井 眞一郎 Sakurai Shin'ichirō, 1929–2011) was a Japanese engineer inducted into the Japan Automotive Hall of Fame who originally worked for Prince Motor Company then later moved to [MASK]."
1190,Noel Edmonds,[X] works for [Y] .,BBC,Noel's House Party is a [MASK] light entertainment series hosted by Noel Edmonds.
1192,Tony Fadell,[X] works for [Y] .,Apple,"Glaser, while Chief Executive of RealNetworks, clashed repeatedly with Tony Fadell, widely known as the Godfather of the iPhone and iPod, who then left the company after 6 weeks and went on to founding the products for [MASK]."
1195,Zai Bennett,[X] works for [Y] .,BBC,On 18 January 2012 it was announced via Twitter that Mongrels had not been renewed for a third series by the [MASK] due to a decision made by Zai Bennett.
1197,Robert Scoble,[X] works for [Y] .,Microsoft,"Prior to working at Google, Dodge was a start-up evangelist at [MASK], where he was one of their most visible employees following Robert Scoble's departure in 2006."
1200,Sydney Newman,[X] works for [Y] .,BBC,The Head of [MASK] Drama Sydney Newman later credited him with the series success.
1204,Ian Trethowan,[X] works for [Y] .,BBC,"A letter signed by Trodd's colleagues was sent to Alasdair Milne, Director of Programmes, Television, and Ian Trethowan, Director General of the [MASK]."
1205,Mark Easton,[X] works for [Y] .,BBC,Brownism was a phrase used in an article by [MASK] reporter Mark Easton to describe the political ideology of Gordon Brown.
1206,Cliff Morgan,[X] works for [Y] .,BBC,"Eventually, Cliff Morgan - who had just retired as a senior [MASK] TV Executive - took over the presenter's role in the Spring of 1987 and remained at the helm until the programme came to an end with schedule changes in April 1998."
1207,Christopher Martin-Jenkins,[X] works for [Y] .,BBC,"Other [MASK] sports reporters and correspondents who contributed to the programme included Tony Adamson, Christopher Martin-Jenkins, Gary Richardson, Ian Robertson, Renton Laidlaw, Peter Bromley, Peter Jones, Bryon Butler, John Inverdale and others."
1209,Susan Kare,[X] works for [Y] .,Apple,Chicago is a sans-serif typeface designed by Susan Kare for [MASK].
1213,Nick Pollard,[X] works for [Y] .,BBC,He announced his retirement without payment from the position of Head of [MASK] news programmes in December 2012 in the wake of the Pollard Report into the Jimmy Savile scandal.
1214,John Humphrys,[X] works for [Y] .,BBC,"After Ashdown stepped down as leader in August 1999, Green joined the [MASK] for a short time to work on On The Record with John Humphrys, then became a journalist and columnist at the Financial Times."
1216,Esko Aho,[X] works for [Y] .,Nokia,"He also served in [MASK] Executive Board 1988-1995, until he became a non-aligned Minister of Foreign Affairs in the Esko Aho's cabinet following the resignation of Heikki Haavisto."
1217,Adrian Chiles,[X] works for [Y] .,BBC,He negotiated Frank Skinner's £20 million pound move from the [MASK] to ITV and also handled Adrian Chiles and subsequently Christine Bleakley's move to ITV.
1218,Christine Bleakley,[X] works for [Y] .,BBC,He negotiated Frank Skinner's £20 million pound move from the [MASK] to ITV and also handled Adrian Chiles and subsequently Christine Bleakley's move to ITV.
1220,Meirion Jones,[X] works for [Y] .,BBC,Meirion Jones is a British journalist working for the [MASK].
1223,Barry Davies,[X] works for [Y] .,BBC,"For a 30-year period from the late 1970s to 2008, Motson was the dominant football commentary figure at the [MASK] (apart from a brief spell in the 1990s, when his friend and rival Barry Davies was selected for two FA Cup final commentaries and the 1994 World Cup final)."
1224,Willy Brandt,[X] works for [Y] .,Germany,"It was [MASK]'s first Grand Coalition, a coalition between the CDU/CSU (led by Kurt Georg Kiesinger, who became Chancellor) and the SPD (headed by Willy Brandt, who became Vice Chancellor)."
1226,Tom Ashbrook,[X] works for [Y] .,NPR,"In 2013 he was interviewed on the [MASK] radio show, On Point with Tom Ashbrook and also on HuffPost Live with Josh Zepps."
1227,Nick Clarke,[X] works for [Y] .,BBC,"The Nick Clarke Award is a journalism prize created by the [MASK] in honour of Nick Clarke, former presenter of BBC Radio 4's The World At One, who died in November 2006."
1228,Zeinab Badawi,[X] works for [Y] .,BBC,"The college's advisory board includes Zeinab Badawi of the [MASK], Ian Rumfitt of University of Birmingham, and the heads of one state and four independent schools."
1229,Magnus Magnusson,[X] works for [Y] .,BBC,"Schools at which she taught include The Grove School Market Drayton, Clayton Hall School in Newcastle Staffs, and Hyde Clarendon College in Hyde,Greater Manchester In 1974, Horrocks contested and won the [MASK] Mastermind programme, hosted by Magnus Magnusson with specialist subjects Shakespeare's plays, Works of J.R.R."
1230,Mai Jones,[X] works for [Y] .,BBC,"Billed as ""a programme of variety and topicalities"", it began life as a monthly 30-minute feature in the [MASK]'s wartime Forces Programme, and was designed for the entertainment of armed forces personnel, in particular for those whose home was in Wales, but quickly became popular generally, and from June 1941 – when production was taken over by Mai Jones, who was also responsible for such other entertainment shows as Saturday Starlight – Welsh Rarebit also featured from time to time in the schedules of the BBC Home Service."
1231,Jeremy Vine,[X] works for [Y] .,BBC,"Panorama has been presented by many well known [MASK] presenters, including Richard Dimbleby, Robin Day, David Dimbleby and Jeremy Vine."
1235,Suzanne Virdee,[X] works for [Y] .,BBC,"Suzanne Virdee (born 16 October 1969) is a British journalist and television presenter, best known as a former presenter for the [MASK] regional news programme Midlands Today."
1237,Janice Hadlow,[X] works for [Y] .,BBC,"It was commissioned by Janice Hadlow, Controller, BBC Two, and Ben Stephenson, Controller, [MASK] Drama Commissioning and produced by Kudos Film and Television."
1238,Ben Stephenson,[X] works for [Y] .,BBC,"It was commissioned by Janice Hadlow, Controller, BBC Two, and Ben Stephenson, Controller, [MASK] Drama Commissioning and produced by Kudos Film and Television."
1239,Vassos Alexander,[X] works for [Y] .,BBC,"Vassos Alexander Georgiades is a [MASK] sports reporter, presenter and commentator."
1241,James Moir,[X] works for [Y] .,BBC,James Moir (usually known as Jim Moir) was a senior [MASK] executive for many years until his retirement in 2003.
1244,Merfyn Jones,[X] works for [Y] .,BBC,"Merfyn Jones CBE is a historian, broadcaster, governor of the [MASK] and former vice-chancellor of Bangor University."
1246,Jana Bennett,[X] works for [Y] .,BBC,"In her two most recent roles at the [MASK], Jana Bennett “steered the BBC TV portfolio through its transition into the mainstream digital age.” She was previously Executive Vice President and General Manager at Discovery Communications in the US."
1250,Jonathan Agnew,[X] works for [Y] .,BBC,"Murphy was disappointed when Jonathan Agnew succeeded Christopher Martin-Jenkins as [MASK] Cricket Correspondent, as alluded to by Peter Baxter in Inside the Box"
1251,Fred Silverman,[X] works for [Y] .,CBS,"The show was produced by Intermedia Entertainment Company and Marvel Productions and aired on Starcade, [MASK]'s Saturday morning cartoon programming block."
1252,Edward Curtis Wells,[X] works for [Y] .,Boeing,"Edward Curtis Wells (August 26, 1910 – July 1, 1986) was senior vice president and served on the board of directors of [MASK] Company."
1254,Marilyn Imrie,[X] works for [Y] .,BBC,"Marilyn Imrie has worked in drama and broadcasting in Scotland and England for over thirty years as a producer and director, for [MASK], ITV and the independent companies Absolutely, Bona Broadcasting, CBL, CIM, Kindle and Sweet Talk."
1256,Kai-Fu Lee,[X] works for [Y] .,Microsoft,"Since 2005, CHINICT has been featuring policy-makers, financiers, entrepreneurs, innovators and technologists both from China and the West - including Eduardo Saverin, Christine Lagarde, Kai-Fu Lee, Victor Koo, Dave McClure, Kaiser Kuo, Tim Draper, Mark Suster, Daniel Wu - as well as key executives from Google, [MASK], Baidu, Alibaba, Yahoo, Youku, BlackBerry, Tencent, Sina, AngelList, Aigo, Linkedin, Zhongguancun Science Park, Nokia, Kaixin001, Qunar Viadeo, PPLive, Kleiner Perkins Caufield & Byers, Nasdaq, London Stock Exchange, the United Nations, Intel Capital, Steamboat Ventures, Silicon Valley Bank, Softbank, Playfish, Kongzhong, Phoenix Television, Beijing University, Qihoo, China E-Commerce Association, Tsinghua University."
1257,Joe Belfiore,[X] works for [Y] .,Microsoft,"Joe Belfiore is the Corporate Vice President, Operating Systems Group at [MASK]."
1259,Guy Kawasaki,[X] works for [Y] .,Apple,"The book was launched by Guy Kawasaki, former Chief Evangelist at [MASK]"
1261,"Pauline Neville-Jones, Baroness Neville-Jones",[X] works for [Y] .,BBC,"Lilian Pauline Neville-Jones, Baroness Neville-Jones DCMG PC (born 2 November 1939) is a former [MASK] Governor and Chairman of the British Joint Intelligence Committee (JIC)."
1264,Wietse Venema,[X] works for [Y] .,IBM,"Originally written in 1997 by Wietse Venema at the [MASK] Thomas J. Watson Research Center and first released in December 1998, Postfix continues as of 2015 to be actively developed by its creator and other contributors."
1265,Mike Dibb,[X] works for [Y] .,BBC,Ways of Seeing is a 1972 [MASK] four-part television series of 30-minute films created chiefly by writer John Berger and producer Mike Dibb.
1266,Michael Buerk,[X] works for [Y] .,BBC,He is the son of former [MASK] newsreader and current BBC Radio 4 presenter Michael Buerk.
1267,Freda Lingstrom,[X] works for [Y] .,BBC,"She was transferred to [MASK] television in London in 1952, and subsequently appointed Assistant Head of Children's Programmes under Freda Lingstrom."
1269,Craig Federighi,[X] works for [Y] .,Apple,"Craig Federighi (born May 27, 1969) is [MASK]'s senior vice president of Software Engineering.Federighi oversees the development of iOS, OS X and Apple's common operating system engineering teams."
1273,Ray Kurzweil,[X] works for [Y] .,Google,"Business and tech executives such as Bill Gates of Microsoft, and Ray Kurzweil and Eric Schmidt of [MASK] have all participated."
1282,Guy Kawasaki,[X] works for [Y] .,Forbes,"Notable pioneers and institutions who have used the platform include Bill Gates, TED.com, Sheryl Sandberg, Guy Kawasaki, Jim Cramer, Michael Saylor, [MASK], The Chicago Tribune, Random House, Ernst & Young, Simon & Schuster, Folio, Los Angeles Review of Books, Lucky Magazine, TEDx, BookTalk Nation and many more."
1283,Stephanie Flanders,[X] works for [Y] .,BBC,"The programme premiered on BBC Two and is presented by Stephanie Flanders, who was then the [MASK] economics editor."
1284,Lorraine Newman,[X] works for [Y] .,BBC,"Lorraine Newman (born 1978) is a British script writer, television producer, and the executive producer of the [MASK] soap opera EastEnders from 2012 to 2013."
1286,Adam Amin,[X] works for [Y] .,ESPN,Adam Amin is a television and radio sportscaster with [MASK] and Sports USA Radio Network.
1288,Jane Root,[X] works for [Y] .,BBC,"The former Controller of BBC Two, Jane Root, suggested that there was an overlap between casual sexism in the [MASK] and the activities of Savile."
1289,Eddy Cue,[X] works for [Y] .,Apple,"Eddy Cue (born Eduardo H. Cue; October 1964) is [MASK]'s senior vice president of Internet Software and Services, reporting to CEO Tim Cook."
1291,Julia Somerville,[X] works for [Y] .,BBC,"On ITV, the ITN-produced coverage was presented by Jon Snow, Alastair Stewart, and Julia Somerville, with Sir Robin Day performing the same interviewing role for ITV as he had done for the [MASK] on many previous election nights."
1292,Paddy Lowe,[X] works for [Y] .,McLaren,"In February 2013, after [MASK] confirmed the departure of Paddy Lowe to Mercedes F1 effective for the 2014 season, Goss was appointed Technical Director."
1293,Jeff Zucker,[X] works for [Y] .,CNN,"Following Piers Morgan's departure from [MASK] in March 2014, CNN President Jeff Zucker had various anchors fill the 9pm ET slot as a test run."
1295,Eleanor Oldroyd,[X] works for [Y] .,BBC,"Patrons of the event include Karl Jenkins, Rick Wakeman, and [MASK] presenters Katie Derham, Ken Bruce, John Inverdale and Eleanor Oldroyd."
1296,Eddie Mair,[X] works for [Y] .,BBC,Eddie Mair (born 12 November 1965 in Dundee) is a Scottish broadcaster who presents on national [MASK] radio and television.
1298,Terry Myerson,[X] works for [Y] .,Microsoft,Terry Myerson (born 1972 or 1973) is [MASK]'s Executive Vice President of the Windows and Devices Group.
1302,Dermot O'Leary,[X] works for [Y] .,BBC,"James Levy and The Blood Red Rose performed live in session on several national radio shows in the UK, including sessions on BBC Radio 2 with both Jo Whiley and Dermot O'Leary and a session on [MASK] 6 Music with Lauren Laverne."
1304,Stephen Sackur,[X] works for [Y] .,BBC,He has described himself in a [MASK] HARDtalk interview with Stephen Sackur as a 'technocrat'.
1307,Tony Reali,[X] works for [Y] .,ESPN,"In April 2014 it was announced he would be a contributor on social media for Good Morning America, which he began on October 8, 2014 but has not appeared in 2015, other than a couple sports related segments introduced as ""[MASK]'s Tony Reali""."
1309,Mark Penn,[X] works for [Y] .,Microsoft,"Created by Mark Penn, the campaign sought primarily to attack a competing company, Google, by pointing out disadvantages and criticism of their products and services in comparison to those run by [MASK] (particularly, Bing and Outlook.com)."
1310,Vint Cerf,[X] works for [Y] .,Google,"NSRC receives major funding and in-kind donations from the National Science Foundation (NSF), [MASK] and Google.org, Cisco, O'Reilly Media, Vint Cerf, the Richard M. Karp Foundation, IDRC, ISOC, and many other institutional and private donors."
1311,Moira Stuart,[X] works for [Y] .,BBC,"After Moira Stuart declined the role, Scipio was approached to be the main host of Black Britain, the first program of its kind from the [MASK]’s News and Current Affairs Department."
1312,Ward Cunningham,[X] works for [Y] .,Microsoft,"Much of the work was led by Ward Cunningham, of [MASK]."
1313,Phil Harrison,[X] works for [Y] .,Microsoft,Phil Harrison is a corporate vice president of [MASK].
1316,Val Gielgud,[X] works for [Y] .,BBC,"Ending It was a 1939 [MASK] TV one-off play, written by Val Gielgud, and starring John Robinson, Joan Marion, and Dino Galvani."
1317,Tatsumi Kimishima,[X] works for [Y] .,Nintendo,"Tatsumi Kimishima (君島 達己 Kimishima Tatsumi, born April 21, 1950 in Tokyo) is the fifth and current President of [MASK]."
1319,Fred Brooks,[X] works for [Y] .,IBM,"and senior project manager Fred Brooks regarded Learson as the driving force behind the System/360 project, which was huge and risky but whose success ensured [MASK]'s dominance of the mainframe computer market."
1320,Martin Esslin,[X] works for [Y] .,BBC,"Ronald Mason (8 September 1926 – 16 January 1997) was a director and producer of drama for the [MASK], a BBC executive in his native Northern Ireland at the height of the Troubles, the Head of BBC Radio Drama as successor to Martin Esslin and was active in the European Broadcasting Union (EBU)."
1322,Bryant Tuckerman,[X] works for [Y] .,IBM,The idea of the slide attack has roots in a paper published by Edna Grossman and Bryant Tuckerman in an [MASK] Technical Report in 1977.
1323,Charles Goldfarb,[X] works for [Y] .,IBM,"In 1969 Charles Goldfarb, leading a small team at [MASK], developed the first markup language, called Generalized Markup Language, or GML."
1325,Martin M. Wattenberg,[X] works for [Y] .,IBM,"The tool was developed by Fernanda Viégas, Martin Wattenberg, Jonathan Feinberg, and Kushal Dave of [MASK]'s Collaborative User Experience research group."
1326,Ronnie Waldman,[X] works for [Y] .,BBC,She was married to the [MASK] executive Ronnie Waldman (1914–1978) (from 1953 to 1978).
1327,Jean-Dominique Bauby,[X] works for [Y] .,Elle,"Jean-Dominique Bauby ([ʒɑ̃ dɔminik bobi]; 23 April 1952 – 9 March 1997) was a well-known French actor, author and editor of the French fashion magazine [MASK]."
1329,Tim Davie,[X] works for [Y] .,BBC,"Tim Davie (born April 25, 1967) is the Chief Executive Officer of BBC Worldwide who served as acting Director-General of the [MASK] following George Entwistle's resignation in November 2012 until Lord Hall took over the role permanently in April 2013."
1331,"Tony Hall, Baron Hall of Birkenhead",[X] works for [Y] .,BBC,"Tim Davie (born April 25, 1967) is the Chief Executive Officer of BBC Worldwide who served as acting Director-General of the [MASK] following George Entwistle's resignation in November 2012 until Lord Hall took over the role permanently in April 2013."
1332,Yoshiyuki Tomino,[X] works for [Y] .,Sunrise,"Aura Battler Dunbine (聖戦士ダンバイン Seisenshi Danbain, literally Holy Warrior Dunbine) is an anime television series created by Yoshiyuki Tomino and produced by [MASK]."
1333,Innes Lloyd,[X] works for [Y] .,BBC,"Innes Lloyd (24 December 1925, Penmaenmawr, Wales – 23 August 1991) was a British television producer of [MASK] drama programmes."
1336,William Crawley,[X] works for [Y] .,BBC,William Crawley is an Belfast-born [MASK] journalist and broadcaster.
1338,Peter Oppenheimer,[X] works for [Y] .,Apple,"Until 2014, Peter Oppenheimer was [MASK]"
1340,Carolyn Quinn,[X] works for [Y] .,BBC,"The programme utilises other [MASK] broadcasters including David Eades, Carolyn Quinn, James Coomarasamy, Roger Hearing, Samira Ahmed and Felicity Evans to regularly present on Thursdays, Fridays and in Shah's absence."
1341,Samira Ahmed,[X] works for [Y] .,BBC,"The programme utilises other [MASK] broadcasters including David Eades, Carolyn Quinn, James Coomarasamy, Roger Hearing, Samira Ahmed and Felicity Evans to regularly present on Thursdays, Fridays and in Shah's absence."
1342,Robert Dougall,[X] works for [Y] .,BBC,"He worked for many years as a newsreader for the [MASK], where he was a contemporary of fellow newsreaders Richard Baker and Robert Dougall."
1343,Reynold B. Johnson,[X] works for [Y] .,IBM,"The machine was developed from a prototype developed by Reynold Johnson, a school teacher who later became an [MASK] engineer."
1344,Arash Markazi,[X] works for [Y] .,ESPN,"Arash Markazi (born March 4, 1980) is an Iranian-American sports journalist currently writing for [MASK]."
1346,Philip Mould,[X] works for [Y] .,BBC,The original life-size Buckner portrait was rediscovered in 2012 and was authenticated by art historian Philip Mould OBE on the [MASK] Antiques Road Show at Cheltenham in 2013.
1347,Chris Langham,[X] works for [Y] .,BBC,The History of Rock with Chris Langham was a [MASK] radio comedy broadcast in the United Kingdom in 1984.
1348,Ray Stubbs,[X] works for [Y] .,BBC,Toseland is also a solo artist and in the past has performed alongside Ray Stubbs for [MASK]'s Sport Relief and played a piano set at the British sports personality of the year awards in 2007.
1349,Robert J. Bach,[X] works for [Y] .,Microsoft,"Robert J. Bach (born December 31, 1961), commonly known as Robbie Bach, was the President of Entertainment & Devices Division at [MASK]."
1351,"Marmaduke Hussey, Baron Hussey of North Bradley",[X] works for [Y] .,BBC,"On 25 April 1959 she married Marmaduke Hussey (later Chairman of the Board of Governors of the [MASK]) and they had two children, James Arthur (born 15 August 1961) and Katharine Elizabeth (born 1 February 1964)."
1352,Johnny Beerling,[X] works for [Y] .,BBC,"He presented many popular programmes for the [MASK], including the Top Ten Game produced by Johnny Beerling, a midweek show which toured the country inviting audiences of 200 to vote for their favourite discs of the week from 1965."
1353,Allan Little,[X] works for [Y] .,BBC,"The Death of Yugoslavia is a [MASK] documentary series first broadcast in 1995, and is also the name of a BBC book by Allan Little and Laura Silber that accompanies the series."
1355,Kate Silverton,[X] works for [Y] .,BBC,"Kate Silverton (born 4 August 1970) is an English journalist, currently employed by the [MASK]."
1358,Emily Maitlis,[X] works for [Y] .,BBC,Emily Maitlis (born 6 September 1970) is a British journalist and newsreader for the [MASK].
1360,Lorne Spicer,[X] works for [Y] .,BBC,"The show is presented by Lorne Spicer, who can also be seen on daytime show Money Spinners and recently on [MASK]'s My Life For Sale."
1363,Will Wyatt,[X] works for [Y] .,BBC,"Will Wyatt (born 7 January 1942) was formerly Managing Director, BBC Television (1991-6) and Chief Executive [MASK] Broadcast (1996-9)."
1365,Peter Fincham,[X] works for [Y] .,BBC,"The [MASK] subsequently admitted that the scenes used in the trailer had been edited out of sequence, leading to the resignation of RDF's Chief Creative Officer Stephen Lambert, BBC One Controller Peter Fincham, and Fincham's Head of Publicity, Jane Fletcher, following the report's publication on October 5."
1366,John Timpson,[X] works for [Y] .,BBC,"On a [MASK] television programme, the reporter John Timpson unsuccessfully tried to lure Goldie by playing an Ethiopian bird pipe."
1367,Jon Sopel,[X] works for [Y] .,BBC,"Jon Sopel (Jonathan B. Sopel, born 22 May 1959 in London, England) is a British television presenter and correspondent for the [MASK]'s international news channel, BBC World News, currently serving as the North America Editor for the BBC."
1371,Peter Sissons,[X] works for [Y] .,BBC,"Her father is former [MASK] newsreader Peter Sissons and her mother, Sylvia, is a teacher."
1372,Peter Horrocks,[X] works for [Y] .,BBC,"When Real Story launched on 10 March 2003, the [MASK]'s then head of Current Affairs, Peter Horrocks, called it ""a valuable addition to our story telling capacity - popular current affairs, but with BBC values."""
1374,Frank Bough,[X] works for [Y] .,BBC,"Scott first came to public notice as a newsreader on ITV’s News at Ten during the Falklands War, and then became a presenter on the [MASK]'s Breakfast Time programme with Frank Bough and Nick Ross in 1983."
1375,Mishal Husain,[X] works for [Y] .,BBC,"In late 2005, the [MASK] broadcast a full series of Star Spell, again presented by Eamonn Holmes but Mishal Husain took over from Nina as word pronouncer."
1376,Rigsy,[X] works for [Y] .,BBC,"In nine years at the [MASK], Rigsy has interviewed many well known and respected acts and musicians, including Noel Gallagher, Kings of Leon, Pete Doherty, Jarvis Cocker, Ian Brown, Muse, Franz Ferdinand, Snow Patrol, Primal Scream, The Prodigy, The Killers, The Chemical Brothers, The Flaming Lips, Underworld and Steve Coogan while primarily promoting new Northern Irish acts such as General Fiasco, Two Door Cinema Club, Panama Kings and And So I Watch You From Afar."
1380,Ellen Hancock,[X] works for [Y] .,IBM,"Board members included Steve Wozniak, Apple Computer's co-founder; John McAfee, McAfee Antivirus founder, Ellen Hancock, the former CEO of Exodus Communications, former CTO of Apple Computer, and former EVP of [MASK]."
1381,Paddy O'Connell,[X] works for [Y] .,BBC,"Paddy O'Connell (born 11 March 1966 in Guildford, Surrey) is an English television and radio presenter, working mainly for the [MASK]."
1383,Ed Zschau,[X] works for [Y] .,IBM,To provide additional autonomy thereby further encouraging OEM Sales [MASK] in April 1993 established ADSTAR as a wholly owned subsidiary with outsider Ed Zschau as Chairman and CEO.
1384,Katsuaki Watanabe,[X] works for [Y] .,Toyota,"Katsuaki Watanabe (渡辺 捷昭 Watanabe Katsuaki, born February 13, 1942) is senior advisor at [MASK]."
1386,Jan Leeming,[X] works for [Y] .,BBC,"It later featured three female presenters - Janet Kelly (July–December 1968), future [MASK] TV newsreader Jan Leeming (1970) and Michele Brown (later married Giles Brandreth)."
1388,Peter Haigh,[X] works for [Y] .,BBC,"Open House was a 1964 [MASK] TV series presented by Gay Byrne, Peter Haigh and Robert Robinson."
1389,Jean Metcalfe,[X] works for [Y] .,BBC,"It was also the memorable signature tune For a [MASK] radio programme, ""Two Way Family Favourites"" (original played by Andre Kostelanetz and his Orchestra) and was presented by a variety of well-known radio personalities including Cliff Michelmore, Jean Metcalfe, Michael Aspel, Judith Chalmers and Sarah Kennedy."
1390,Delia Derbyshire,[X] works for [Y] .,BBC,"The theme, drawing on the original composed by Ron Grainer and arranged by Delia Derbyshire, was used for three years until the series was cancelled by the [MASK] in 1989."
1391,Don Coppersmith,[X] works for [Y] .,IBM,"The Scream cipher is a word-based stream cipher developed by Shai Halevi, Don Coppersmith and Charanjit Jutla from [MASK]."
1392,Steve Cram,[X] works for [Y] .,BBC,She is now working in broadcasting for the [MASK] and her partner is fellow BBC commentator Steve Cram with whom she lives in Northumberland.
1394,Mara Liasson,[X] works for [Y] .,NPR,"Recently, however, it has begun opening its doors to such non-newspaper media figures as Tim Russert of NBC News, Bob Schieffer of CBS News, Mara Liasson of [MASK], and Judy Woodruff of PBS."
1395,Charles Chilton,[X] works for [Y] .,BBC,Journey Into Space is a BBC Radio science fiction programme written by [MASK] producer Charles Chilton.
1398,Nicholas Witchell,[X] works for [Y] .,BBC,"[MASK] newsreader Nicholas Witchell caused controversy by remarking on the air, shortly before the contest, that it would be held ""in a cowshed in Ireland."""
1399,Michael Bakewell,[X] works for [Y] .,BBC,The novel was dramatised in eight parts by Michael Bakewell for [MASK] radio in 1985.
1400,Joe Kaeser,[X] works for [Y] .,Siemens,"Joe Kaeser (born Josef Käser on June 23, 1957) is the current CEO of [MASK], Munich, a role he has been in since August 1, 2013."
1402,"Ian Fraser, Baron Fraser of Lonsdale",[X] works for [Y] .,BBC,"William Jocelyn Ian Fraser, Baron Fraser of Lonsdale CH CBE (30 August 1897 – 19 December 1974), known as Ian Fraser, was a British Conservative Party politician, a Governor of the [MASK], a successful businessman and the first person to be awarded a life peerage under the Life Peerages Act 1958."
1404,John R. Opel,[X] works for [Y] .,IBM,"She was the first female president of King County’s United Way, the first woman to chair the national United Way’s executive committee where she served most notably with [MASK]'s CEO, John Opel, and the first woman on the First Interstate Bank of Washington's board of directors."
1405,Andy Wilman,[X] works for [Y] .,BBC,"This list of Top Gear episodes consists of episodes from the 2002 format of the [MASK] television series Top Gear, conceived by Jeremy Clarkson and Andy Wilman."
1406,Henry Swanzy,[X] works for [Y] .,BBC,"He was called by the New York Post ""the ‘Irishman' from West Africa"", and the [MASK] producer Henry Swanzy referred to him as the ""African Paracelsus""."
